timestamp,sender,transaction_type,amount,merchant,category,message,user_email
2026-05-03 09:03:54,JT-JIOPAY-S,debit,299,Other,Other,"Your plan Rs 299_28D_1.5GB/D for Jio Number 6381864181 has expired on 03-May-26 08:45 Hrs. You have already recharged with Voice_448 plan, which will automatically get activated to ensure uninterrupted Jio services. 
To view your current and upcoming plan details, click http://tiny.jio.com/dmyjioplans
Dial 1991, to know your current balance, validity, plan details and for exciting recharge plans.",unknown
2026-05-02 09:44:44,JT-JIOPAY-S,debit,299,Other,Other,"Your current plan Rs 299_28D_1.5GB/D for Jio number 6381864181 will expire on 03-May-26 08:45 Hrs. You have an upcoming plan of Voice_448 , which will automatically get activated to ensure uninterrupted Jio services. 
To view your current and upcoming plan details, click http://tiny.jio.com/dmyjioplans 
Dial 1991, to know your current balance, validity, plan details and for exciting recharge plans .",unknown
2026-04-06 15:13:43,JM-620040-P,debit,349,Other,Other,Thank you for staying with Jio! Your 5G phone is ready for ultra-fast speeds. Upgrade to our Rs. 349 plan and unlock Unlimited 5G Data. Recharge now and queue it for a seamless transition to Jio True5G. Click www.jio.com/r/TXGyHokhk,unknown
2026-04-05 10:19:36,JM-JIOCPN-P,debit,899,Other,Other,"Dear User,

You’ve earned One Touch Digital AGEasy BP Monitor for ₹899! (CC: JIOBP) on MyJioRecharge. Claim now: https://t.jio/JIOCPN/aBvHKZ T&C*

JioCoupons",unknown
2026-04-05 10:18:56,JM-JIOCPN-P,debit,699,Other,Other,"Dear User,

You’ve earned AGEasy Cervical Pillow at ₹699! (CC: CPJIO40) on MyJioRecharge. Claim now: https://t.jio/JIOCPN/Y1KHKZ T&C*

JioCoupons",unknown
2026-04-04 18:30:16,JT-JIOPAY-S,debit,349,Other,Other,"Recharge plan Expired on 04-Apr-26 18:29 Hrs !
Plan Name : Rs 349_28D_2GB/D
Jio Number : 6381864181
Recharge using MyJio and enjoy zero convenience charges on all recharges.
To recharge - http://tiny.jio.com/dmyjiorchgpl",unknown
2026-04-04 14:17:22,JT-JioPay-S,debit,349,Other,Other,"ALERT!
100% of available Data exhausted as on 04-Apr-26 14:17 !
Jio Number : 6381864181 
Plan Name : Rs 349_28D_2GB/D 
If you do not have other data plan then your internet speed will now be reduced.
To explore and recharge with data packs, click : http://tiny.jio.com/dbuydatapack
To know about your data usage, click : http://tiny1.jio.com/HelpfulTips",unknown
2026-04-04 14:04:58,JT-JioPay-S,debit,349,Other,Other,"ATTENTION!
90% of available data used as on 04-Apr-26 14:04 !
Jio Number : 6381864181
Total Data quota as per plan : 2 GB
Balance Data quota : 199.25 MB
Plan Name : Rs 349_28D_2GB/D
Plan Validity : 04-Apr-26 18:29
If you do not have additional data plan then your internet speed will be reduced once 100% of data quota is used.
To explore and recharge with data packs, click : http://tiny.jio.com/dbuydatapack
For data saving tips, watch this video : http://tiny.jio.com/ydatausageen",unknown
2026-04-03 20:10:56,JT-JIOPAY-S,debit,349,Other,Other,"Current Recharge plan Expiring on 04-Apr-26 18:29 Hrs !
Plan Name : Rs 349_28D_2GB/D
Jio Number : 6381864181
Recharge using MyJio and enjoy zero convenience charges on all recharges.
To recharge - http://tiny.jio.com/dmyjiorchgpl",unknown
2026-03-09 11:19:30,JM-JIOCPN-P,debit,7999,Other,Other,"Dear User,

You’ve earned a free Gen AI course with upGrad worth ₹7,999 (CC: GROW2026) on Jio Recharge. Claim now: https://t.jio/JIOCPN/lLlR69 T&C*

JioCoupons",unknown
2026-03-08 16:26:49,JK-620040-P,debit,899,Other,Other,Thank you for choosing Jio! You're all set with high-speed data. But why stop there? Upgrade to our Rs. 899 Quarterly Plan and enjoy Unlimited 5G Data with 84 days validity for greater value. Recharge now and queue it for uninterrupted connectivity. Click www.jio.com/r/TLBAMXkxU,unknown
2026-03-07 18:35:12,JT-JIOPAY-S,debit,349,Other,Other,"Your plan Rs 349_28D_2GB/D for Jio Number 6381864181 has expired on 07-Mar-26 18:29 Hrs. You have already recharged with Rs 349_28D_2GB/D plan, which will automatically get activated to ensure uninterrupted Jio services. 
To view your current and upcoming plan details, click http://tiny.jio.com/dmyjioplans
Dial 1991, to know your current balance, validity, plan details and for exciting recharge plans.",unknown
2026-03-07 08:57:40,JG-JioPay-S,debit,349,Other,Other,"Your recharged plan Rs 349_28D_2GB/D for Jio Number 6381864181 is currently in queue as you already have an active plan. 
Your recharged plan will automatically get activated after expiry of your current plan. 
You can also activate your queued plan by dialing 19914 or by clicking http://tiny.jio.com/dmyjioplans",unknown
2026-03-07 08:41:58,JT-JioPay-S,debit,349,Other,Other,"ALERT!
100% of available Data exhausted as on 07-Mar-26 08:41 !
Jio Number : 6381864181 
Plan Name : Rs 349_28D_2GB/D 
If you do not have other data plan then your internet speed will now be reduced.
To explore and recharge with data packs, click : http://tiny.jio.com/dbuydatapack
To know about your data usage, click : http://tiny1.jio.com/HelpfulTips",unknown
2026-03-07 08:35:19,JT-JioPay-S,debit,349,Other,Other,"ATTENTION!
90% of available data used as on 07-Mar-26 08:35 !
Jio Number : 6381864181
Total Data quota as per plan : 2 GB
Balance Data quota : 111.02 MB
Plan Name : Rs 349_28D_2GB/D
Plan Validity : 07-Mar-26 18:29
If you do not have additional data plan then your internet speed will be reduced once 100% of data quota is used.
To explore and recharge with data packs, click : http://tiny.jio.com/dbuydatapack
For data saving tips, watch this video : http://tiny.jio.com/ydatausageen",unknown
2026-03-06 18:40:09,JT-JIOPAY-S,debit,349,Other,Other,"Current Recharge plan Expiring on 07-Mar-26 18:29 Hrs !
Plan Name : Rs 349_28D_2GB/D
Jio Number : 6381864181
Recharge using MyJio and enjoy zero convenience charges on all recharges.
To recharge - http://tiny.jio.com/dmyjiorchgpl",unknown
2026-02-08 15:24:06,JK-620040-P,debit,899,Other,Other,Thank you for choosing Jio! You're all set with high-speed data. But why stop there? Upgrade to our Rs. 899 Quarterly Plan and enjoy Unlimited 5G Data with 84 days validity for greater value. Recharge now and queue it for uninterrupted connectivity. Click www.jio.com/r/TyZB8mJzy,unknown
2026-02-07 18:29:24,JG-JIOSVC-S,debit,35100,Other,Other,"Congratulations!
Your recent recharge has unlocked a FREE 18-month Google Gemini Pro plan worth Rs.35,100. Enjoy 2000 GB cloud storage at no extra cost.
Activate your offer now: https://tiny.jio.com/loginrecharge
T&C apply.",unknown
2026-02-06 18:00:26,JT-JIOPAY-S,debit,299,Other,Other,"Recharge plan Expired on 06-Feb-26 17:48 Hrs !
Plan Name : Rs 299_28D_1.5GB/D
Jio Number : 6381864181
Recharge using MyJio and enjoy zero convenience charges on all recharges.
To recharge - http://tiny.jio.com/dmyjiorchgpl",unknown
2026-02-06 08:33:10,JT-JioPay-S,debit,299,Other,Other,"ALERT!
100% of available Data exhausted as on 06-Feb-26 08:33 !
Jio Number : 6381864181 
Plan Name : Rs 299_28D_1.5GB/D 
If you do not have other data plan then your internet speed will now be reduced.
To explore and recharge with data packs, click : http://tiny.jio.com/dbuydatapack
To know about your data usage, click : http://tiny1.jio.com/HelpfulTips",unknown
2026-02-06 07:44:08,JT-JioPay-S,debit,299,Other,Other,"ATTENTION!
90% of available data used as on 06-Feb-26 07:44 !
Jio Number : 6381864181
Total Data quota as per plan : 1.50 GB
Balance Data quota : 126.26 MB
Plan Name : Rs 299_28D_1.5GB/D
Plan Validity : 06-Feb-26 17:48
If you do not have additional data plan then your internet speed will be reduced once 100% of data quota is used.
To explore and recharge with data packs, click : http://tiny.jio.com/dbuydatapack
For data saving tips, watch this video : http://tiny.jio.com/ydatausageen",unknown
2026-02-05 17:53:34,JT-JIOPAY-S,debit,299,Other,Other,"Current Recharge plan Expiring on 06-Feb-26 17:48 Hrs !
Plan Name : Rs 299_28D_1.5GB/D
Jio Number : 6381864181
Recharge using MyJio and enjoy zero convenience charges on all recharges.
To recharge - http://tiny.jio.com/dmyjiorchgpl",unknown
2026-01-23 20:02:39,VK-YESBNK-S,credit,20,Other,Other,"INR 20.00 credited to YES BANK Ac X1481 on 23JAN26 20:02. UPI:602350853896/From:varshaelangovan79@okaxis. Bal INR 1,785.92.",unknown
2026-01-22 13:20:01,TX-YESBNK-S,debit,50,Paytm,Other,"YES BANK Ac X1481 debited for INR 50.00 on 22JAN26 13:19. UPI:117555492827/To:paytm.s16tgf2@pty. Bal INR 1,765.92. Not U? SMS BLKMB <CustID> to 9840909000",unknown
2026-01-15 12:52:40,VM-YESBNK-S,debit,1000,Other,Other,"YES BANK Ac X1481 debited for INR 1,000.00 on 15JAN26 12:47. UPI:117219348255/To:jayamurugesan41@okhdfcbank. Bal INR 2,247.82. Not U? SMS BLKMB <CustID> to 9840909000",unknown
2026-01-15 12:05:03,VM-YESBNK-S,debit,160,Other,Other,"YES BANK Ac X1481 debited for INR 160.00 on 15JAN26 11:59. UPI:117217035363/To:q412218592@ybl. Bal INR 3,247.82. Not U? SMS BLKMB <CustID> to 9840909000",unknown
2026-01-12 17:17:55,JK-620040-P,debit,349,Other,Other,Thank you for staying with Jio! Your 5G phone is ready for ultra-fast speeds. Upgrade to our Rs. 349 plan and unlock Unlimited 5G Data. Recharge now and queue it for a seamless transition to Jio True5G. Click www.jio.com/r/TmIvtuG4U,unknown
2026-01-11 11:07:00,JD-JIOCPN-P,debit,1,Other,Other,"Dear User,

You’ve earned Free Kotak 811 Credit Card & 3 months OTTplay at just ₹1! on Jio Recharge. Claim now: https://t.jio/JIOCPN/Ercx49 T&C*

JioCoupons",unknown
2026-01-10 16:11:46,JD-620016-P,debit,899,Google Pay,Entertainment,"Recharge now Jio no. 9159377012 with Rs.899 plan & enjoy Special benefits:Free Pro Google Gemini worth Rs.35100 + JioHotstar+ Unlimited 5G data + 2 GB/day & 20GB , Unlimited Voice, 90 Days. Use Google Pay app & stay connected. T&CA. https://gpay.app.goo.gl/8XWn2u",unknown
2026-01-09 15:54:52,JK-620016-P,debit,899,Google Pay,Entertainment,"Recharge now Jio no. 9159377012 with Rs.899 plan & enjoy Special benefits:Free Pro Google Gemini worth Rs.35100 + JioHotstar+ Unlimited 5G data + 2 GB/day & 20GB , Unlimited Voice, 90 Days. Use Google Pay app & stay connected. T&CA. https://gpay.app.goo.gl/8XWn2u",unknown
2026-01-03 17:43:18,JK-620016-P,debit,899,Google Pay,Entertainment,"Recharge now Jio no. 9159377012 with Rs.899 plan & enjoy Special benefits:Free Pro Google Gemini worth Rs.35100 + JioHotstar+ Unlimited 5G data + 2 GB/day & 20GB , Unlimited Voice, 90 Days. Use Google Pay app & stay connected. T&CA. https://gpay.app.goo.gl/8XWn2u",unknown
2026-01-01 18:07:22,JD-620016-P,debit,899,Google Pay,Entertainment,"Recharge now Jio no. 9159377012 with Rs.899 plan & enjoy Special benefits:Free Pro Google Gemini worth Rs.35100 + JioHotstar+ Unlimited 5G data + 2 GB/day & 20GB , Unlimited Voice, 90 Days. Use Google Pay app & stay connected. T&CA. https://gpay.app.goo.gl/8XWn2u",unknown
2025-12-31 15:54:06,JD-620016-P,debit,899,Google Pay,Entertainment,"Recharge now Jio no. 9159377012 with Rs. 899 plan & enjoy Special benefits:Free Pro Google Gemini worth Rs.35100 + 1% extra on Jio Gold + JioHotstar+ Unlimited 5G data + 2 GB/day & 20GB , Unlimited Voice, 90 Days. Use Google Pay app & stay connected. T&CA. https://gpay.app.goo.gl/8XWn2u",unknown
2025-12-25 09:26:04,JM-YESBNK-S,debit,200,Other,Other,YES BANK Ac X1481 debited for INR 200.00 on 25DEC25 09:25. UPI:116146019255/To:barani.jayamurugesan@oksbi. Bal INR 333.06. Not U? SMS BLKMB <CustID> to 9840909000,unknown
2025-12-16 18:01:45,JK-620040-P,debit,349,Other,Other,Thank you for staying with Jio! Your 5G phone is ready for ultra-fast speeds. Upgrade to our Rs. 349 plan and unlock Unlimited 5G Data. Recharge now and queue it for a seamless transition to Jio True5G. Click www.jio.com/r/Tan9iDugs,unknown
2025-12-11 16:34:27,JD-620016-P,debit,899,Google Pay,Entertainment,"Recharge now Jio no. 9159377012 with Rs. 899 plan & enjoy Special benefits:Free Pro Google Gemini worth Rs.35100 + 1% extra on Jio Gold + JioHotstar+ Unlimited 5G data + 2 GB/day & 20GB , Unlimited Voice, 90 Days. Use Google Pay app & stay connected. T&CA. https://gpay.app.goo.gl/8XWn2u",unknown
2025-12-10 15:37:02,JX-620016-P,debit,899,Google Pay,Entertainment,"Recharge now Jio no. 9159377012 with Rs. 899 plan & enjoy Special benefits:Free Pro Google Gemini worth Rs.35100 + 1% extra on Jio Gold + JioHotstar+ Unlimited 5G data + 2 GB/day & 20GB , Unlimited Voice, 90 Days. Use Google Pay app & stay connected. T&CA. https://gpay.app.goo.gl/8XWn2u",unknown
2025-12-03 15:41:04,JK-620016-P,debit,899,Google Pay,Entertainment,"Recharge now Jio no. 9159377012 with Rs. 899 plan & enjoy Special benefits:Free Pro Google Gemini worth Rs.35100 + 1% extra on Jio Gold + JioHotstar+ Unlimited 5G data + 2 GB/day & 20GB , Unlimited Voice, 90 Days. Use Google Pay app & stay connected. T&CA. https://gpay.app.goo.gl/8XWn2u",unknown
2025-12-01 18:21:11,JX-620016-P,debit,899,Google Pay,Entertainment,"Recharge now Jio no. 9159377012 with Rs. 899 plan & enjoy Special benefits:Free Pro Google Gemini worth Rs.35100 + 1% extra on Jio Gold + JioHotstar+ Unlimited 5G data + 2 GB/day & 20GB , Unlimited Voice, 90 Days. Use Google Pay app & stay connected. T&CA. https://gpay.app.goo.gl/8XWn2u",unknown
2025-11-24 21:11:35,CP-YESBNK-S,credit,60,Other,Other,INR 60.00 credited to YES BANK Ac X1481 on 24NOV25 21:06. UPI:532865454780/From:gomathybtechit@okicici. Bal INR 579.16.,unknown
2025-11-16 17:09:53,JD-620040-P,debit,349,Other,Other,Thank you for staying with Jio! Your 5G phone is ready for ultra-fast speeds. Upgrade to our Rs. 349 plan and unlock Unlimited 5G Data. Recharge now and queue it for a seamless transition to Jio True5G. Click www.jio.com/r/SXij17zCk,unknown
2025-11-15 10:13:23,JM-JIOCPN-P,debit,500,Other,Other,"Dear User,

You’ve earned Upto 80% Off + Extra ₹500 off on boat! (CC: JIOFLAT500) on Jio Recharge. Claim now: https://t.jio/JIOCPN/eZUtYK T&C*

JioCoupons",unknown
2025-11-14 14:50:15,JZ-JIOPAY-S,debit,299,Other,Other,"ரீசார்ஜ் திட்டம் 14-Nov-25 14:50 Hrs அன்று முடிவடைந்துவிட்டது !
Jio எண் : 9159377012
திட்டத்தின் பெயர்: Rs 299_28D_1.5GB/D
எந்தவித கூடுதல் கட்டணமும் இல்லாமல் MyJio ஐப் பயன்படுத்தி ரீசார்ஜ் செய்யுங்கள். 
ரீசார்ஜ் செய்ய - https://www.jio.com/dl/recharge_web",unknown
2025-11-13 19:29:29,VM-AXISMR-P,credit,25000,Amazon,Shopping,"Dear Pavithra, We've noticed that you are not receiving salary in your Axis Bank Salary Account XX5408. Update your account details with HR and ensure salary credit of minimum INR 25000. Complete all the 3 milestones to earn Amazon e-vouchers worth up to INR 750*. Know more https://Axbk.in/AXISMR/Ah3yO2fhRrj. Click the link to register and learn more about the offer https://Axbk.in/AXISMR/Ah3TnRl9LJh - *T&C Apply.",unknown
2025-11-13 14:55:52,JZ-JIOPAY-S,debit,299,Other,Other,"தற்போதைய ரீசார்ஜ் திட்டம் 14-Nov-25 14:50 Hrs அன்று முடிவடைகிறது!
Jio எண் : 9159377012
திட்டத்தின் பெயர்: Rs 299_28D_1.5GB/D
எந்தவித கூடுதல் கட்டணமும் இல்லாமல் MyJio ஐப் பயன்படுத்தி ரீசார்ஜ் செய்யுங்கள்.
ரீசார்ஜ் செய்ய - https://www.jio.com/dl/recharge_web",unknown
2025-11-12 16:21:19,JK-620016-P,debit,899,Google Pay,Entertainment,"Recharge now Jio no. 9159377012 with Rs.899 plan & enjoy Jio Special Offer: 2% extra on Jio Gold + JioHotstar. Plan 899 benefits: Unlimited 5G data + 2 GB/day & 20 GB , Unlimited Voice for 90 Days. Use Google Pay app & stay connected. T&CA. https://gpay.app.goo.gl/8XWn2u",unknown
2025-11-11 16:11:34,JM-620016-P,debit,899,Google Pay,Entertainment,"Recharge now Jio no. 9159377012 with Rs.899 plan & enjoy Jio Special Offer: 2% extra on Jio Gold + JioHotstar. Plan 899 benefits: Unlimited 5G data + 2 GB/day & 20 GB , Unlimited Voice for 90 Days. Use Google Pay app & stay connected. T&CA. https://gpay.app.goo.gl/8XWn2u",unknown
2025-11-05 15:46:41,JX-620016-P,debit,899,Google Pay,Entertainment,"Recharge now Jio no. 9159377012 with Rs.899 plan & enjoy Jio Special Offer: 2% extra on Jio Gold + JioHotstar. Plan 899 benefits: Unlimited 5G data + 2 GB/day & 20 GB , Unlimited Voice for 90 Days. Use Google Pay app & stay connected. T&CA. https://gpay.app.goo.gl/8XWn2u",unknown
2025-11-03 15:09:52,JX-620016-P,debit,899,Google Pay,Entertainment,"Recharge now Jio no. 9159377012 with Rs.899 plan & enjoy Jio Special Offer: 2% extra on Jio Gold + JioHotstar. Plan 899 benefits: Unlimited 5G data + 2 GB/day & 20 GB , Unlimited Voice for 90 Days. Use Google Pay app & stay connected. T&CA. https://gpay.app.goo.gl/8XWn2u",unknown
2025-11-01 13:51:45,JK-620016-P,debit,899,Google Pay,Entertainment,"Recharge now Jio no. 9159377012 with Rs.899 plan & enjoy Jio Special Offer: 2% extra on Jio Gold + JioHotstar. Plan 899 benefits: Unlimited 5G data + 2 GB/day & 20 GB , Unlimited Voice for 90 Days. Use Google Pay app & stay connected. T&CA. https://gpay.app.goo.gl/8XWn2u",unknown
2025-10-27 20:14:12,VM-AXISMR-P,credit,25000,Amazon,Shopping,"Dear Pavithra, We've noticed that you are not receiving salary in your Axis Bank Salary Account XX5408. Update your account details with HR and ensure salary credit of minimum INR 25000. Complete all the 3 milestones to earn Amazon e-vouchers worth up to INR 750*. Click the link to register and learn more about the offer https://Axbk.in/AXISMR/AQQAVvqoW7B - *T&C Apply.",unknown
2025-10-22 20:26:02,JX-YESBNK-S,debit,60,Other,Other,YES BANK Ac X1481 debited for INR 60.00 on 22OCT25 20:26. UPI:113054123205/To:q236935363@ybl. Bal INR 803.96. Not U? SMS BLKMB <CustID> to 9840909000,unknown
2025-10-21 18:55:18,JM-YESBNK-S,debit,55,Other,Other,YES BANK Ac X1481 debited for INR 55.00 on 21OCT25 18:55. UPI:113006353033/To:rparameswari2005@okaxis. Bal INR 913.96. Not U? SMS BLKMB <CustID> to 9840909000,unknown
2025-10-20 12:23:50,CP-YESBNK-S,credit,750,Other,Other,"INR 750.00 credited to YES BANK Ac X1481 on 20OCT25 12:08. UPI:529319958531/From:nirmalbalaji@okicici. Bal INR 1,287.96.",unknown
2025-10-18 19:37:30,VA-AXISMR-P,credit,25000,Amazon,Shopping,"Dear Pavithra, We've noticed that you are not receiving salary in your Axis Bank Salary Account XX5408. Update your account details with HR and ensure salary credit of minimum INR 25000. Complete all the 3 milestones to earn Amazon e-vouchers worth up to INR 750*. Click the link to register and learn more about the offer https://Axbk.in/AXISMR/An9KqaZGPS1 - *T&C Apply.",unknown
2025-10-17 15:49:17,JD-620040-P,debit,349,Other,Other,Thank you for staying with Jio! Your 5G phone is ready for ultra-fast speeds. Upgrade to our Rs. 349 plan and unlock Unlimited 5G Data. Recharge now and queue it for a seamless transition to Jio True5G. Click www.jio.com/r/SJ9Fhqs8r,unknown
2025-10-16 10:46:56,JD-JIOCPN-P,debit,345,Other,Other,"Dear User,

You’ve earned Get 16 Luxe Lipsticks at Just ₹345 on Just Herbs(CC-JIOJH40) on Jio Recharge. Claim now: https://t.jio/JIOCPN/louN2K T&C*

JioCoupons",unknown
2025-10-15 14:55:24,JD-620016-P,debit,899,Google Pay,Entertainment,"Recharge now Jio no. 9159377012 with Rs.899 plan & enjoy Jio Special Offer: 2% extra on Jio Gold + JioHotstar. Plan 899 benefits: Unlimited 5G data + 2 GB/day & 20 GB , Unlimited Voice for 90 Days. Use Google Pay app & stay connected. T&CA. https://gpay.app.goo.gl/8XWn2u",unknown
2025-10-14 14:55:52,JM-620016-P,debit,899,Google Pay,Entertainment,"Recharge now Jio no. 9159377012 with Rs.899 plan & enjoy Jio Special Offer: 2% extra on Jio Gold + JioHotstar. Plan 899 benefits: Unlimited 5G data + 2 GB/day & 20 GB , Unlimited Voice for 90 Days. Use Google Pay app & stay connected. T&CA. https://gpay.app.goo.gl/8XWn2u",unknown
2025-10-12 16:42:13,JM-MESHO-S,credit,295,Other,Refund,"Refund for Butterfly crop of Rs.295 is successfully processed to your Original Payment Source.
Meesho",unknown
2025-10-08 15:15:30,JM-620016-P,debit,899,Google Pay,Entertainment,"Recharge now Jio no. 9159377012 with Rs.899 plan & enjoy Jio Special Offer: 2% extra on Jio Gold + JioHotstar. Plan 899 benefits: Unlimited 5G data + 2 GB/day & 20 GB , Unlimited Voice for 90 Days. Use Google Pay app & stay connected. T&CA. https://gpay.app.goo.gl/8XWn2u",unknown
2025-10-06 21:08:03,CP-YESBNK-S,debit,6748,Other,Other,"YES BANK Ac X1481 debited for INR 6,748.00 on 06OCT25 21:02. UPI:112274221467/To:8778803075@ptaxis. Bal INR 4,779.86. Not U? SMS BLKMB <CustID> to 9840909000",unknown
2025-10-06 18:47:22,JD-620016-P,debit,899,Google Pay,Entertainment,"Recharge now Jio no. 9159377012 with Rs.899 plan & enjoy Jio Special Offer: 2% extra on Jio Gold + JioHotstar. Plan 899 benefits: Unlimited 5G data + 2 GB/day & 20 GB , Unlimited Voice for 90 Days. Use Google Pay app & stay connected. T&CA. https://gpay.app.goo.gl/8XWn2u",unknown
2025-10-05 12:01:10,JD-YESBNK-S,credit,500,Other,Other,INR 500.00 credited to YES BANK Ac X1481 on 05OCT25 12:01. UPI:527884300093/From:gomathybtechit@okicici. Bal INR 522.86.,unknown
2025-10-04 16:53:08,JM-620016-P,debit,899,Google Pay,Entertainment,"Recharge now Jio no. 9159377012 with Rs.899 plan & enjoy Celebration Offer: 2% extra on Jio Gold + vouchers worth Rs. 3000 + JioHotstar. Plan 899 benefits: Unlimited 5G data + 2 GB/day & 20 GB , Unlimited Voice for 90 Days. Use Google Pay app & stay connected. T&CA. https://gpay.app.goo.gl/8XWn2u",unknown
2025-10-03 13:29:32,JD-YESBNK-S,debit,10,Paytm,Other,YES BANK Ac X1481 debited for INR 10.00 on 03OCT25 13:29. UPI:112113916068/To:paytm.s16tgf2@pty. Bal INR 112.86. Not U? SMS BLKMB <CustID> to 9840909000,unknown
2025-10-01 20:10:58,BT-AXISMR-P,credit,500,Amazon,Shopping,"Dear Customer, Grab INR 500 Amazon gift + 25% cashback on Airtel bills with AIRTEL AXIS BANK Credit Card. *T&C Apply! Apply now! https://Axbk.in/AXISMR/AD2MLQybnDc",unknown
2025-09-28 10:29:04,JD-YESBNK-S,credit,300,Other,Other,INR 300.00 credited to YES BANK Ac X1481 on 28SEP25 10:28. UPI:563790722090/From:sathyaselvam2101@okicici. Bal INR 845.86.,unknown
2025-09-23 20:12:03,CP-AXISMR-P,credit,500,Amazon,Shopping,"Dear Customer, Grab INR 500 Amazon gift + 25% cashback on Airtel bills with AIRTEL AXIS BANK Credit Card. *T&C Apply! Apply now! https://Axbk.in/AXISMR/XBOk9ogzkpq",unknown
2025-09-23 11:34:48,BT-AXISMR-P,credit,25000,Amazon,Shopping,"Dear Pavithra, We've noticed that you are not receiving salary in your Axis Bank Salary Account XX5408. Update your account details with HR and ensure salary credit of minimum INR 25000. Complete all the 3 milestones to earn Amazon e-vouchers worth up to INR 750*. Click the link to register and learn more about the offer https://Axbk.in/AXISMR/XBPzxTAX7Mq - *T&C Apply.",unknown
2025-09-22 10:39:56,JD-YESBNK-S,debit,10,Paytm,Other,YES BANK Ac X1481 debited for INR 10.00 on 22SEP25 10:39. UPI:111592254976/To:paytmqr28100505010191h3ropqm2jd@paytm. Bal INR 626.86. Not U? SMS BLKMB <CustID> to 9840909000,unknown
2025-09-21 17:06:04,JM-YESBNK-S,debit,400,Other,Other,YES BANK Ac X1481 debited for INR 400.00 on 21SEP25 17:06. UPI:111561700492/To:6369661636@postbank. Bal INR 636.86. Not U? SMS BLKMB <CustID> to 9840909000,unknown
2025-09-20 18:40:50,JD-620040-P,debit,349,Other,Other,Thank you for staying with Jio! Your 5G phone is ready for ultra-fast speeds. Upgrade to our Rs. 349 plan and unlock Unlimited 5G Data. Recharge now and queue it for a seamless transition to Jio True5G. Click www.jio.com/r/SyaRl6G2e,unknown
2025-09-20 06:00:13,VM-YESBNK-S,credit,750,Other,Other,"INR 750.00 credited to YES BANK Ac X1481 on 20SEP25 05:54. UPI:526328015380/From:gomathybtechit@okicici. Bal INR 2,045.86.",unknown
2025-09-19 18:14:31,VA-AXISMR-P,credit,500,Amazon,Shopping,"Dear Customer, Grab INR 500 Amazon gift + 25% cashback on Airtel bills with AIRTEL AXIS BANK Credit Card. *T&C Apply! Apply now! https://Axbk.in/AXISMR/XlScgB3TKep",unknown
2025-09-19 15:08:43,JD-YESBNK-S,debit,122,Other,Other,"YES BANK Ac X1481 debited for INR 122.00 on 19SEP25 15:08. UPI:111463520629/To:sheelathangavel812@okhdfcbank. Bal INR 1,295.86. Not U? SMS BLKMB <CustID> to 9840909000",unknown
2025-09-19 14:50:23,JD-YESBNK-S,debit,300.9,Other,Other,"YES BANK Ac X1481 debited for INR 300.90 on 19SEP25 14:50. UPI:111462779037/To:gpayrecharge@okpayaxis. Bal INR 1,417.86. Not U? SMS BLKMB <CustID> to 9840909000",unknown
2025-09-19 14:19:11,JZ-JIOPAY-S,debit,299,Other,Other,"ரீசார்ஜ் திட்டம் 19-Sep-25 14:19 Hrs அன்று முடிவடைந்துவிட்டது !
Jio எண் : 9159377012
திட்டத்தின் பெயர்: Rs 299_28D_1.5GB/D
எந்தவித கூடுதல் கட்டணமும் இல்லாமல் MyJio ஐப் பயன்படுத்தி ரீசார்ஜ் செய்யுங்கள். 
ரீசார்ஜ் செய்ய - https://www.jio.com/dl/recharge_web",unknown
2025-09-19 13:06:35,JD-620016-P,debit,349,Zomato,Food & Dining,"உங்கள் ஜியோ எண் 9159377012 திட்டம் விரைவில் முடிகிறது. அன்லிமிடெட் 5G டேட்டா, அன்லிமிடெட் வாய்ஸ் அழைப்புகள் மற்றும் ஒரு நாளைக்கு 2 GB டேட்டாவை 28 நாட்களுக்கு அனுபவிக்க Rs.349 உடன் ரீசார்ஜ் செய்யுங்கள். ஜியோவின் 9வது ஆண்டு விழா சலுகையின் ஒரு பகுதியாக ஒப்பிடமுடியாத வெகுமதிகளையும் பெறுங்கள் - ஜியோ கோல்டில் 2% கூடுதல், AJIO, Reliance Digital & EaseMyTrip இலிருந்து பிரத்யேக கூப்பன்கள், மேலும் JioHotstar, Zomato Gold, JioSaavn & Netmeds ஆகியவற்றிற்கான ப்ரீமியம் சந்தாக்கள். சீக்கிரம், குறுகிய கால சலுகை",unknown
2025-09-18 14:23:43,JZ-JIOPAY-S,debit,299,Other,Other,"தற்போதைய ரீசார்ஜ் திட்டம் 19-Sep-25 14:19 Hrs அன்று முடிவடைகிறது!
Jio எண் : 9159377012
திட்டத்தின் பெயர்: Rs 299_28D_1.5GB/D
எந்தவித கூடுதல் கட்டணமும் இல்லாமல் MyJio ஐப் பயன்படுத்தி ரீசார்ஜ் செய்யுங்கள்.
ரீசார்ஜ் செய்ய - https://www.jio.com/dl/recharge_web",unknown
2025-09-18 12:43:13,JK-620016-P,debit,349,Zomato,Food & Dining,"உங்கள் ஜியோ எண் 9159377012 திட்டம் விரைவில் முடிகிறது. அன்லிமிடெட் 5G டேட்டா, அன்லிமிடெட் வாய்ஸ் அழைப்புகள் மற்றும் ஒரு நாளைக்கு 2 GB டேட்டாவை 28 நாட்களுக்கு அனுபவிக்க Rs.349 உடன் ரீசார்ஜ் செய்யுங்கள். ஜியோவின் 9வது ஆண்டு விழா சலுகையின் ஒரு பகுதியாக ஒப்பிடமுடியாத வெகுமதிகளையும் பெறுங்கள் - ஜியோ கோல்டில் 2% கூடுதல், AJIO, Reliance Digital & EaseMyTrip இலிருந்து பிரத்யேக கூப்பன்கள், மேலும் JioHotstar, Zomato Gold, JioSaavn & Netmeds ஆகியவற்றிற்கான ப்ரீமியம் சந்தாக்கள். சீக்கிரம், குறுகிய கால சலுகை",unknown
2025-09-18 11:00:53,JX-YESBNK-S,debit,40,Other,Other,"YES BANK Ac X1481 debited for INR 40.00 on 18SEP25 11:00. UPI:111407796622/To:barani.jayamurugesan@oksbi. Bal INR 1,453.76. Not U? SMS BLKMB <CustID> to 9840909000",unknown
2025-09-18 10:59:03,JD-YESBNK-S,debit,360,Other,Other,"YES BANK Ac X1481 debited for INR 360.00 on 18SEP25 10:58. UPI:111407723151/To:barani.jayamurugesan@oksbi. Bal INR 1,493.76. Not U? SMS BLKMB <CustID> to 9840909000",unknown
2025-09-17 21:40:03,JD-YESBNK-S,credit,750,Other,Other,"INR 750.00 credited to YES BANK Ac X1481 on 17SEP25 21:39. UPI:562677802802/From:gomathybtechit@okicici. Bal INR 1,853.76.",unknown
2025-09-17 17:54:52,JK-620016-P,debit,899,Google Pay,Entertainment,"Recharge now Jio no. 9159377012 with Rs.899 plan & enjoy Jio Offer- Free JioHotstar Mobile/TV subscription for 90 Days. Plan 899 benefits: Unlimited 5G data + 2GB/day & 20GB extra 4G data, Unlimited Voice for 90 Days. Use Google Pay app & stay connected. T&CA. https://gpay.app.goo.gl/8XWn2u",unknown
2025-09-17 12:43:06,JM-620016-P,debit,349,Zomato,Food & Dining,"உங்கள் ஜியோ எண் 9159377012 திட்டம் விரைவில் முடிகிறது. அன்லிமிடெட் 5G டேட்டா, அன்லிமிடெட் வாய்ஸ் அழைப்புகள் மற்றும் ஒரு நாளைக்கு 2 GB டேட்டாவை 28 நாட்களுக்கு அனுபவிக்க Rs.349 உடன் ரீசார்ஜ் செய்யுங்கள். ஜியோவின் 9வது ஆண்டு விழா சலுகையின் ஒரு பகுதியாக ஒப்பிடமுடியாத வெகுமதிகளையும் பெறுங்கள் - ஜியோ கோல்டில் 2% கூடுதல், AJIO, Reliance Digital & EaseMyTrip இலிருந்து பிரத்யேக கூப்பன்கள், மேலும் JioHotstar, Zomato Gold, JioSaavn & Netmeds ஆகியவற்றிற்கான ப்ரீமியம் சந்தாக்கள். சீக்கிரம், குறுகிய கால சலுகை",unknown
2025-09-16 21:54:12,JD-YESBNK-S,debit,800,Other,Other,"YES BANK Ac X1481 debited for INR 800.00 on 16SEP25 21:54. UPI:111347970318/To:gomathybtechit@okicici. Bal INR 1,153.76. Not U? SMS BLKMB <CustID> to 9840909000",unknown
2025-09-16 17:18:18,JX-620016-P,debit,899,Google Pay,Entertainment,"Recharge now Jio no. 9159377012 with Rs.899 plan & enjoy Jio Offer- Free JioHotstar Mobile/TV subscription for 90 Days. Plan 899 benefits: Unlimited 5G data + 2GB/day & 20GB extra 4G data, Unlimited Voice for 90 Days. Use Google Pay app & stay connected. T&CA. https://gpay.app.goo.gl/8XWn2u",unknown
2025-09-16 16:10:58,JM-620016-P,debit,349,Zomato,Food & Dining,"உங்கள் ஜியோ எண் 9159377012 திட்டம் விரைவில் முடிகிறது. அன்லிமிடெட் 5G டேட்டா, அன்லிமிடெட் வாய்ஸ் அழைப்புகள் மற்றும் ஒரு நாளைக்கு 2 GB டேட்டாவை 28 நாட்களுக்கு அனுபவிக்க Rs.349 உடன் ரீசார்ஜ் செய்யுங்கள். ஜியோவின் 9வது ஆண்டு விழா சலுகையின் ஒரு பகுதியாக ஒப்பிடமுடியாத வெகுமதிகளையும் பெறுங்கள் - ஜியோ கோல்டில் 2% கூடுதல், AJIO, Reliance Digital & EaseMyTrip இலிருந்து பிரத்யேக கூப்பன்கள், மேலும் JioHotstar, Zomato Gold, JioSaavn & Netmeds ஆகியவற்றிற்கான ப்ரீமியம் சந்தாக்கள். சீக்கிரம், குறுகிய கால சலுகை",unknown
2025-09-13 21:06:31,JD-YESBNK-S,debit,85,Other,Other,"YES BANK Ac X1481 debited for INR 85.00 on 13SEP25 21:06. UPI:111223762048/To:bharani97.rajan@okhdfcbank. Bal INR 1,953.76. Not U? SMS BLKMB <CustID> to 9840909000",unknown
2025-09-13 19:00:05,JD-YESBNK-S,debit,10,Paytm,Other,"YES BANK Ac X1481 debited for INR 10.00 on 13SEP25 18:59. UPI:111214497784/To:paytmqr66j03a@ptys. Bal INR 2,038.76. Not U? SMS BLKMB <CustID> to 9840909000",unknown
2025-09-13 18:58:17,JM-YESBNK-S,debit,100,Other,Other,"YES BANK Ac X1481 debited for INR 100.00 on 13SEP25 18:58. UPI:111214362948/To:hariharashan108@okaxis. Bal INR 2,048.76. Not U? SMS BLKMB <CustID> to 9840909000",unknown
2025-09-13 18:41:33,JM-YESBNK-S,debit,30,Paytm,Other,"YES BANK Ac X1481 debited for INR 30.00 on 13SEP25 18:41. UPI:111213141324/To:paytm.s1m7t8d@pty. Bal INR 2,148.76. Not U? SMS BLKMB <CustID> to 9840909000",unknown
2025-09-10 20:42:12,JM-YESBNK-S,credit,30,Other,Other,"INR 30.00 credited to YES BANK Ac X1481 on 10SEP25 20:42. UPI:525322934550/From:gomathybtechit@okicici. Bal INR 2,290.76.",unknown
2025-09-10 19:57:01,JM-YESBNK-S,debit,20,Other,Other,"YES BANK Ac X1481 debited for INR 20.00 on 10SEP25 19:56. UPI:111075757767/To:q600961364@ybl. Bal INR 2,260.76. Not U? SMS BLKMB <CustID> to 9840909000",unknown
2025-09-10 19:53:29,JX-YESBNK-S,debit,105,Paytm,Other,"YES BANK Ac X1481 debited for INR 105.00 on 10SEP25 19:53. UPI:111075462319/To:paytmqr61zx1e@ptys. Bal INR 2,280.76. Not U? SMS BLKMB <CustID> to 9840909000",unknown
2025-09-10 15:57:18,JX-620016-P,debit,899,Google Pay,Entertainment,"Recharge now Jio no. 9159377012 with Rs.899 plan & enjoy Jio Offer- Free JioHotstar Mobile/TV subscription for 90 Days. Plan 899 benefits: Unlimited 5G data + 2GB/day & 20GB extra 4G data, Unlimited Voice for 90 Days. Use Google Pay app & stay connected. T&CA. https://gpay.app.goo.gl/8XWn2u",unknown
2025-09-09 18:31:35,CP-AXISMR-P,credit,500,Amazon,Shopping,"Dear Customer, Grab INR 500 Amazon gift + 25% cashback on Airtel bills with AIRTEL AXIS BANK Credit Card. *T&C Apply! Apply now! https://Axbk.in/AXISMR/XRYWq3Kd3aN",unknown
2025-09-08 16:11:24,JX-620016-P,debit,899,Google Pay,Entertainment,"Recharge now Jio no. 9159377012 with Rs.899 plan & enjoy Jio Offer- Free JioHotstar Mobile/TV subscription for 90 Days. Plan 899 benefits: Unlimited 5G data + 2GB/day & 20GB extra 4G data, Unlimited Voice for 90 Days. Use Google Pay app & stay connected. T&CA. https://gpay.app.goo.gl/8XWn2u",unknown
2025-09-07 11:43:13,JM-YESBNK-S,debit,150,Paytm,Other,"YES BANK Ac X1481 debited for INR 150.00 on 07SEP25 11:43. UPI:110904704372/To:paytmqr6d6hfi@ptys. Bal INR 2,385.76. Not U? SMS BLKMB <CustID> to 9840909000",unknown
2025-09-07 10:05:50,JD-YESBNK-S,debit,370,Other,Other,"YES BANK Ac X1481 debited for INR 370.00 on 07SEP25 10:05. UPI:110899666020/To:kanithkar91-1@okhdfcbank. Bal INR 2,545.76. Not U? SMS BLKMB <CustID> to 9840909000",unknown
2025-09-06 22:25:01,JD-YESBNK-S,debit,118,Other,Other,"YES BANK Ac X1481 debited for INR 118.00 on 06SEP25 22:24. UPI:110890214797/To:meesho1online.gpay@okpayaxis. Bal INR 2,915.76. Not U? SMS BLKMB <CustID> to 9840909000",unknown
2025-09-06 14:37:20,JM-620016-P,debit,899,Google Pay,Entertainment,"Recharge now Jio no. 9159377012 with Rs.899 plan & enjoy Jio Offer- Free JioHotstar Mobile/TV subscription for 90 Days. Plan 899 benefits: Unlimited 5G data + 2GB/day & 20GB extra 4G data, Unlimited Voice for 90 Days. Use Google Pay app & stay connected. T&CA. https://gpay.app.goo.gl/8XWn2u",unknown
2025-09-06 09:55:47,JM-YESBNK-S,debit,161,Other,Other,"YES BANK Ac X1481 debited for INR 161.00 on 06SEP25 09:55. UPI:110851525396/To:meesho1online.gpay@okpayaxis. Bal INR 14,246.76. Not U? SMS BLKMB <CustID> to 9840909000",unknown
2025-09-06 09:13:54,JX-YESBNK-S,debit,91,Other,Other,"YES BANK Ac X1481 debited for INR 91.00 on 06SEP25 09:13. UPI:110849993554/To:meesho1online.gpay@okpayaxis. Bal INR 14,407.76. Not U? SMS BLKMB <CustID> to 9840909000",unknown
2025-09-05 19:27:01,JX-YESBNK-S,debit,100,Other,Other,"YES BANK Ac X1481 debited for INR 100.00 on 05SEP25 19:26. UPI:110832850225/To:sathyaselvam2101@okicici. Bal INR 14,498.76. Not U? SMS BLKMB <CustID> to 9840909000",unknown
2025-09-05 15:54:40,JM-YESBNK-S,credit,15000,Other,Other,"INR 15,000.00 is credited to YES BANK Acc XX1481 on 05-SEP-2025 15:54:26 - NET-TPT-SIDEKICK DIGITAL SOLUTION LLP-XX1937 Avl bal-INR 15,168.76.",unknown
2025-09-04 18:30:19,JX-YESBNK-S,credit,50,Other,Other,INR 50.00 credited to YES BANK Ac X1481 on 04SEP25 18:30. UPI:561335289386/From:vtgautam55-2@okicici. Bal INR 368.76.,unknown
2025-09-04 14:13:09,JD-YESBNK-S,credit,80,Other,Other,INR 80.00 credited to YES BANK Ac X1481 on 04SEP25 14:12. UPI:561372903002/From:s18680867-1@okaxis. Bal INR 238.76.,unknown
2025-09-04 14:13:04,JD-YESBNK-S,credit,80,Other,Other,INR 80.00 credited to YES BANK Ac X1481 on 04SEP25 14:12. UPI:561365907180/From:sukumar0151-2@okaxis. Bal INR 318.76.,unknown
2025-09-04 13:17:33,JX-YESBNK-S,debit,290,Paytm,Other,YES BANK Ac X1481 debited for INR 290.00 on 04SEP25 13:17. UPI:110764937817/To:paytm.s16tgf2@pty. Bal INR 158.76. Not U? SMS BLKMB <CustID> to 9840909000,unknown
2025-09-02 20:11:48,JD-YESBNK-S,debit,20,Other,Other,YES BANK Ac X1481 debited for INR 20.00 on 02SEP25 20:11. UPI:110689143021/To:q377545673@ybl. Bal INR 448.76. Not U? SMS BLKMB <CustID> to 9840909000,unknown
2025-08-27 11:27:55,JX-YESBNK-S,debit,50,Other,Other,YES BANK Ac X1481 debited for INR 50.00 on 27AUG25 11:27. UPI:110392824855/To:gpay-11216627709@okbizaxis. Bal INR 468.76. Not U? SMS BLKMB <CustID> to 9840909000,unknown
2025-08-27 11:04:50,JD-YESBNK-S,credit,250,Other,Other,INR 250.00 credited to YES BANK Ac X1481 on 27AUG25 11:04. UPI:560548917639/From:jayamurugesan41@okaxis. Bal INR 518.76.,unknown
2025-08-27 11:04:41,JM-YESBNK-S,debit,35,Other,Other,YES BANK Ac X1481 debited for INR 35.00 on 27AUG25 11:04. UPI:110391721178/To:gpay-11252447709@okbizaxis. Bal INR 268.76. Not U? SMS BLKMB <CustID> to 9840909000,unknown
2025-08-27 05:10:38,JD-YESBNK-S,debit,50,Other,Other,YES BANK Ac X1481 debited for INR 50.00 on 27AUG25 05:10. UPI:110383108745/To:barani.jayamurugesan@oksbi. Bal INR 303.76. Not U? SMS BLKMB <CustID> to 9840909000,unknown
2025-08-24 20:45:16,JM-YESBNK-S,credit,100,Other,Other,INR 100.00 credited to YES BANK Ac X1481 on 24AUG25 20:45. UPI:523627028718/From:sathyaselvam2101@okicici. Bal INR 353.76.,unknown
2025-08-24 17:56:44,JD-YESBNK-S,credit,100,Other,Other,INR 100.00 credited to YES BANK Ac X1481 on 24AUG25 17:56. UPI:523682528573/From:barani.jayamurugesan@okaxis. Bal INR 253.76.,unknown
2025-08-23 16:33:17,JX-YESBNK-S,debit,90.4,Other,Other,YES BANK Ac X1481 debited for INR 90.40 on 23AUG25 16:33. UPI:110215679006/To:pnavinkarthick33-2@okhdfcbank. Bal INR 353.76. Not U? SMS BLKMB <CustID> to 9840909000,unknown
2025-08-23 16:32:01,JX-YESBNK-S,debit,74.5,Other,Other,YES BANK Ac X1481 debited for INR 74.50 on 23AUG25 16:31. UPI:110215618194/To:pnavinkarthick33-2@okhdfcbank. Bal INR 444.16. Not U? SMS BLKMB <CustID> to 9840909000,unknown
2025-08-23 15:57:21,JK-620040-P,debit,349,Other,Other,Thank you for staying with Jio! Your 5G phone is ready for ultra-fast speeds. Upgrade to our Rs. 349 plan and unlock Unlimited 5G Data. Recharge now and queue it for a seamless transition to Jio True5G. Click www.jio.com/r/Smv1UGnLi,unknown
2025-08-22 14:19:09,JD-YESBNK-S,debit,300.9,Other,Other,YES BANK Ac X1481 debited for INR 300.90 on 22AUG25 14:19. UPI:110162591969/To:gpayrecharge@icici. Bal INR 518.66. Not U? SMS BLKMB <CustID> to 9840909000,unknown
2025-08-22 08:24:42,JA-JIOPAY-S,debit,199,Other,Other,"ரீசார்ஜ் திட்டம் 22-Aug-25 07:28 Hrs அன்று முடிவடைந்துவிட்டது !
Jio எண் : 9159377012
திட்டத்தின் பெயர்: Rs 199_18D_1.5GB/D
எந்தவித கூடுதல் கட்டணமும் இல்லாமல் MyJio ஐப் பயன்படுத்தி ரீசார்ஜ் செய்யுங்கள். 
ரீசார்ஜ் செய்ய - https://www.jio.com/dl/recharge_web",unknown
2025-08-21 20:34:48,JD-YESBNK-S,debit,10000,Other,Other,"YES BANK Ac X1481 debited for INR 10,000.00 on 21AUG25 20:34. UPI:110136624581/To:jayamurugesan41@okhdfcbank. Bal INR 319.56. Not U? SMS BLKMB <CustID> to 9840909000",unknown
2025-08-21 08:47:17,JZ-JIOPAY-S,debit,199,Other,Other,"தற்போதைய ரீசார்ஜ் திட்டம் 22-Aug-25 07:28 Hrs அன்று முடிவடைகிறது!
Jio எண் : 9159377012
திட்டத்தின் பெயர்: Rs 199_18D_1.5GB/D
எந்தவித கூடுதல் கட்டணமும் இல்லாமல் MyJio ஐப் பயன்படுத்தி ரீசார்ஜ் செய்யுங்கள்.
ரீசார்ஜ் செய்ய - https://www.jio.com/dl/recharge_web",unknown
2025-08-20 20:20:06,JX-YESBNK-S,debit,200.9,Other,Other,"YES BANK Ac X1481 debited for INR 200.90 on 20AUG25 20:20. UPI:110089556140/To:gpayrecharge@icici. Bal INR 10,319.56. Not U? SMS BLKMB <CustID> to 9840909000",unknown
2025-08-20 15:17:09,JX-620016-P,debit,899,Google Pay,Entertainment,"Recharge now Jio no. 9159377012 with Rs.899 plan & enjoy Jio Offer- Free JioHotstar Mobile/TV subscription for 90 Days. Plan 899 benefits: Unlimited 5G data + 2GB/day & 20GB extra 4G data, Unlimited Voice for 90 Days. Use Google Pay app & stay connected. T&CA. https://gpay.app.goo.gl/8XWn2u",unknown
2025-08-19 15:01:34,JD-620016-P,debit,899,Google Pay,Entertainment,"Recharge now Jio no. 9159377012 with Rs.899 plan & enjoy Jio Offer- Free JioHotstar Mobile/TV subscription for 90 Days. Plan 899 benefits: Unlimited 5G data + 2GB/day & 20GB extra 4G data, Unlimited Voice for 90 Days. Use Google Pay app & stay connected. T&CA. https://gpay.app.goo.gl/8XWn2u",unknown
2025-08-18 16:27:14,JX-YESBNK-S,credit,10000,Other,Other,"INR 10,000.00 credited to YES BANK Ac X1481 on 18AUG25 16:27. UPI:523013837440/From:powercell1977-3@oksbi. Bal INR 10,520.46.",unknown
2025-08-17 10:43:37,JX-YESBNK-S,debit,155,Other,Other,YES BANK Ac X1481 debited for INR 155.00 on 17AUG25 10:43. UPI:109931095633/To:meesho1online.gpay@okpayaxis. Bal INR 770.46. Not U? SMS BLKMB <CustID> to 9840909000,unknown
2025-08-16 22:33:28,JX-YESBNK-S,credit,350,Other,Other,INR 350.00 credited to YES BANK Ac X1481 on 16AUG25 22:30. UPI:559476139400/From:sathishkumarsk4565-1@okaxis. Bal INR 925.46.,unknown
2025-08-16 22:30:34,JX-YESBNK-S,credit,350,Other,Other,INR 350.00 credited to YES BANK Ac X1481 on 16AUG25 22:30. UPI:559476139400/From:sathishkumarsk4565-1@okaxis. Bal INR 925.46.,unknown
2025-08-16 20:03:06,JM-YESBNK-S,debit,16,Other,Other,YES BANK Ac X1481 debited for INR 16.00 on 16AUG25 20:02. UPI:109913621445/To:q076160556@ybl. Bal INR 575.46. Not U? SMS BLKMB <CustID> to 9840909000,unknown
2025-08-16 17:06:50,JM-YESBNK-S,debit,45,Other,Other,YES BANK Ac X1481 debited for INR 45.00 on 16AUG25 17:06. UPI:109902311587/To:vendoliteindia04@ybl. Bal INR 591.46. Not U? SMS BLKMB <CustID> to 9840909000,unknown
2025-08-15 19:17:06,JM-YESBNK-S,debit,100,Other,Other,YES BANK Ac X1481 debited for INR 100.00 on 15AUG25 19:17. UPI:109863761432/To:bajajpay.6879729.pazf21bt@indus. Bal INR 636.46. Not U? SMS BLKMB <CustID> to 9840909000,unknown
2025-08-15 14:32:33,AD-ZEPTON-P,credit,75,Other,Other,"Dear Customer, Rs. 75 FREE CASH deposited in your Zepto wallet. Plus, FREE delivery! Avail the offers now - https://s.zepto.co.in/tC90/fts",unknown
2025-08-13 21:14:35,JX-YESBNK-S,debit,510,Other,Other,YES BANK Ac X1481 debited for INR 510.00 on 13AUG25 21:14. UPI:109771615750/To:jothi12482@okaxis. Bal INR 636.46. Not U? SMS BLKMB <CustID> to 9840909000,unknown
2025-08-13 15:22:18,JX-620016-P,debit,899,Google Pay,Entertainment,"Recharge now Jio no. 9159377012 with Rs.899 plan & enjoy Jio Offer- Free JioHotstar Mobile/TV subscription for 90 Days. Plan 899 benefits: Unlimited 5G data + 2GB/day & 20GB extra 4G data, Unlimited Voice for 90 Days. Use Google Pay app & stay connected. T&CA. https://gpay.app.goo.gl/8XWn2u",unknown
2025-08-11 20:11:13,JD-YESBNK-S,credit,220,Other,Other,"INR 220.00 credited to YES BANK Ac X1481 on 11AUG25 20:11. UPI:109654423314/From:sugivaradharajan-1@okhdfcbank. Bal INR 1,196.46.",unknown
2025-08-10 16:02:28,JM-YESBNK-S,debit,149,Other,Other,YES BANK Ac X1481 debited for INR 149.00 on 10AUG25 16:02. UPI:109580457327/To:meesho1online.gpay@okpayaxis. Bal INR 986.46. Not U? SMS BLKMB <CustID> to 9840909000,unknown
2025-08-09 12:43:29,JX-YESBNK-S,debit,263,Other,Other,"YES BANK Ac X1481 debited for INR 263.00 on 09AUG25 12:43. UPI:109512395991/To:meesho1online.gpay@okpayaxis. Bal INR 1,135.46. Not U? SMS BLKMB <CustID> to 9840909000",unknown
2025-08-07 18:35:33,JX-YESBNK-S,credit,20,Other,Other,"INR 20.00 credited to YES BANK Ac X1481 on 07AUG25 18:35. UPI:109416615150/From:sugivaradharajan-1@okhdfcbank. Bal INR 1,514.46.",unknown
2025-08-07 12:04:09,JD-YESBNK-S,debit,50,Other,Other,"YES BANK Ac X1481 debited for INR 50.00 on 07AUG25 12:04. UPI:109392252559/To:barani.jayamurugesan@oksbi. Bal INR 1,494.46. Not U? SMS BLKMB <CustID> to 9840909000",unknown
2025-08-06 13:32:21,JM-YESBNK-S,debit,180,Paytm,Other,"YES BANK Ac X1481 debited for INR 180.00 on 06AUG25 13:32. UPI:109337843900/To:paytm.s16tgf2@pty. Bal INR 1,454.46. Not U? SMS BLKMB <CustID> to 9840909000",unknown
2025-08-05 21:46:59,JD-YESBNK-S,debit,99,Other,Other,"YES BANK Ac X1481 debited for INR 99.00 on 05AUG25 21:46. UPI:109313157560/To:meesho1online.gpay@okpayaxis. Bal INR 1,885.36. Not U? SMS BLKMB <CustID> to 9840909000",unknown
2025-08-05 21:45:03,JD-YESBNK-S,debit,83,Other,Other,"YES BANK Ac X1481 debited for INR 83.00 on 05AUG25 21:44. UPI:109313047599/To:meesho1online.gpay@okpayaxis. Bal INR 1,984.36. Not U? SMS BLKMB <CustID> to 9840909000",unknown
2025-08-05 21:21:07,JD-YESBNK-S,debit,500,Other,Other,"YES BANK Ac X1481 debited for INR 500.00 on 05AUG25 21:21. UPI:109311610642/To:joyesther001-1@okhdfcbank. Bal INR 2,067.36. Not U? SMS BLKMB <CustID> to 9840909000",unknown
2025-08-05 21:18:08,JX-YESBNK-S,debit,134,Other,Other,"YES BANK Ac X1481 debited for INR 134.00 on 05AUG25 21:18. UPI:109311417830/To:meesho1online.gpay@okpayaxis. Bal INR 2,567.36. Not U? SMS BLKMB <CustID> to 9840909000",unknown
2025-08-05 21:13:46,JD-YESBNK-S,debit,8220,Other,Other,"YES BANK Ac X1481 debited for INR 8,220.00 on 05AUG25 21:13. UPI:109311118612/To:8778803075@ptaxis. Bal INR 2,701.36. Not U? SMS BLKMB <CustID> to 9840909000",unknown
2025-08-05 21:12:20,JD-YESBNK-S,debit,500,Other,Other,"YES BANK Ac X1481 debited for INR 500.00 on 05AUG25 21:12. UPI:109311020221/To:miruthula.vnb@okhdfcbank. Bal INR 10,921.36. Not U? SMS BLKMB <CustID> to 9840909000",unknown
2025-08-05 21:10:50,JD-YESBNK-S,debit,4000,Other,Other,"YES BANK Ac X1481 debited for INR 4,000.00 on 05AUG25 21:10. UPI:109310906359/To:jayamurugesan41@okhdfcbank. Bal INR 11,421.36. Not U? SMS BLKMB <CustID> to 9840909000",unknown
2025-08-05 19:30:20,JM-YESBNK-S,debit,20,Other,Other,"YES BANK Ac X1481 debited for INR 20.00 on 05AUG25 19:30. UPI:109302543882/To:vendoliteindia04@ybl. Bal INR 15,466.36. Not U? SMS BLKMB <CustID> to 9840909000",unknown
2025-08-05 18:02:32,JM-YESBNK-S,debit,80,Other,Other,"YES BANK Ac X1481 debited for INR 80.00 on 05AUG25 18:02. UPI:109295341836/To:sugivaradharajan-1@okhdfcbank. Bal INR 15,486.36. Not U? SMS BLKMB <CustID> to 9840909000",unknown
2025-08-05 18:01:41,JD-YESBNK-S,credit,15000,Other,Other,"INR 15,000.00 is credited to YES BANK Acc XX1481 on 05-AUG-2025 18:01:35 - NET-TPT-SIDEKICK DIGITAL SOLUTION LLP-XX1937 Avl bal-INR 15,566.36.",unknown
2025-08-05 17:55:42,JK-620040-P,debit,349,Other,Other,Thank you for staying with Jio! Your 5G phone is ready for ultra-fast speeds. Upgrade to our Rs. 349 plan and unlock Unlimited 5G Data. Recharge now and queue it for a seamless transition to Jio True5G. Click www.jio.com/r/SeForElCg,unknown
2025-08-05 13:50:07,JD-YESBNK-S,debit,40,Paytm,Other,YES BANK Ac X1481 debited for INR 40.00 on 05AUG25 13:50. UPI:109280957489/To:paytm.s16tgf2@pty. Bal INR 66.36. Not U? SMS BLKMB <CustID> to 9840909000,unknown
2025-08-05 10:31:02,JD-YESBNK-S,debit,145,Other,Other,YES BANK Ac X1481 debited for INR 145.00 on 05AUG25 10:30. UPI:109269557290/To:q377545673@ybl. Bal INR 106.36. Not U? SMS BLKMB <CustID> to 9840909000,unknown
2025-08-05 10:30:29,JD-YESBNK-S,credit,150,Other,Other,INR 150.00 credited to YES BANK Ac X1481 on 05AUG25 10:30. UPI:109269527527/From:sugivaradharajan-1@okhdfcbank. Bal INR 251.36.,unknown
2025-08-03 13:06:28,JD-YESBNK-S,debit,185,Other,Other,YES BANK Ac X1481 debited for INR 185.00 on 03AUG25 13:06. UPI:109163076076/To:meesho1online.gpay@okpayaxis. Bal INR 101.36. Not U? SMS BLKMB <CustID> to 9840909000,unknown
2025-08-02 10:13:34,JX-YESBNK-S,credit,100,Other,Other,INR 100.00 credited to YES BANK Ac X1481 on 02AUG25 10:13. UPI:109090922280/From:sugivaradharajan-1@okhdfcbank. Bal INR 286.36.,unknown
2025-08-02 08:35:55,JX-YESBNK-S,debit,276,Other,Other,YES BANK Ac X1481 debited for INR 276.00 on 02AUG25 08:35. UPI:109086355991/To:meesho1online.gpay@okpayaxis. Bal INR 186.36. Not U? SMS BLKMB <CustID> to 9840909000,unknown
2025-08-02 08:31:35,JD-YESBNK-S,debit,100,Other,Other,YES BANK Ac X1481 debited for INR 100.00 on 02AUG25 08:31. UPI:109086205548/To:sugivaradharajan-1@okhdfcbank. Bal INR 462.36. Not U? SMS BLKMB <CustID> to 9840909000,unknown
2025-08-02 08:28:23,JD-YESBNK-S,debit,114,Other,Other,YES BANK Ac X1481 debited for INR 114.00 on 02AUG25 08:28. UPI:109086092928/To:meesho1online.gpay@okpayaxis. Bal INR 562.36. Not U? SMS BLKMB <CustID> to 9840909000,unknown
2025-08-02 08:08:59,JA-JIOPAY-S,debit,199,Other,Other,"ரீசார்ஜ் திட்டம் 02-Aug-25 08:08 Hrs அன்று முடிவடைந்துவிட்டது !
Jio எண் : 9159377012
திட்டத்தின் பெயர்: Rs 199_18D_1.5GB/D
எந்தவித கூடுதல் கட்டணமும் இல்லாமல் MyJio ஐப் பயன்படுத்தி ரீசார்ஜ் செய்யுங்கள். 
ரீசார்ஜ் செய்ய - https://www.jio.com/dl/recharge_web",unknown
2025-08-01 08:35:25,JA-JIOPAY-S,debit,199,Other,Other,"தற்போதைய ரீசார்ஜ் திட்டம் 02-Aug-25 08:08 Hrs அன்று முடிவடைகிறது!
Jio எண் : 9159377012
திட்டத்தின் பெயர்: Rs 199_18D_1.5GB/D
எந்தவித கூடுதல் கட்டணமும் இல்லாமல் MyJio ஐப் பயன்படுத்தி ரீசார்ஜ் செய்யுங்கள்.
ரீசார்ஜ் செய்ய - https://www.jio.com/dl/recharge_web",unknown
2025-07-31 15:59:10,JM-620016-P,debit,899,Google Pay,Entertainment,"Recharge now Jio no. 9159377012 with Rs.899 plan & enjoy Jio Offer- Free JioHotstar Mobile/TV subscription for 90 Days. Plan 899 benefits: Unlimited 5G data + 2GB/day & 20GB extra 4G data, Unlimited Voice for 90 Days. Use Google Pay app & stay connected. T&CA. https://gpay.app.goo.gl/8XWn2u",unknown
2025-07-31 08:07:18,JD-YESBNK-S,debit,250.9,Other,Other,YES BANK Ac X1481 debited for INR 250.90 on 31JUL25 08:07. UPI:108973468907/To:gpayrecharge@icici. Bal INR 26.36. Not U? SMS BLKMB <CustID> to 9840909000,unknown
2025-07-30 16:21:03,JK-620016-P,debit,899,Google Pay,Entertainment,"Recharge now Jio no. 9159377012 with Rs.899 plan & enjoy Jio Offer- Free JioHotstar Mobile/TV subscription for 90 Days. Plan 899 benefits: Unlimited 5G data + 2GB/day & 20GB extra 4G data, Unlimited Voice for 90 Days. Use Google Pay app & stay connected. T&CA. https://gpay.app.goo.gl/8XWn2u",unknown
2025-07-30 12:51:32,BG-AXISMR-P,credit,25000,Amazon,Shopping,"Dear Pavithra, We've noticed that you are not receiving salary in your Axis Bank Salary Account XX5408. Update your account details with HR and ensure salary credit of minimum INR 25000. Complete all the 3 milestones to earn Amazon e-vouchers worth up to INR 750*. Know more https://Axbk.in/AXISMR/UwYTEO0rEdE - *T&C Apply.",unknown
2025-07-27 11:25:32,JM-YESBNK-S,debit,300,Other,Other,YES BANK Ac X1481 debited for INR 300.00 on 27JUL25 11:25. UPI:108773710402/To:sathishkumarsk4565-1@okaxis. Bal INR 127.26. Not U? SMS BLKMB <CustID> to 9840909000,unknown
2025-07-27 11:11:57,JD-YESBNK-S,credit,300,Other,Other,INR 300.00 credited to YES BANK Ac X1481 on 27JUL25 11:11. UPI:108772987526/From:jayamurugesan41@okhdfcbank. Bal INR 427.26.,unknown
2025-07-27 11:11:22,JD-YESBNK-S,debit,289,Other,Other,YES BANK Ac X1481 debited for INR 289.00 on 27JUL25 11:11. UPI:108772957821/To:meesho1online.gpay@okpayaxis. Bal INR 127.26. Not U? SMS BLKMB <CustID> to 9840909000,unknown
2025-07-24 15:41:05,JK-620016-P,debit,899,Google Pay,Entertainment,"Recharge now Jio no. 9159377012 with Rs.899 plan & enjoy Jio Offer- Free JioHotstar Mobile/TV subscription for 90 Days. Plan 899 benefits: Unlimited 5G data + 2GB/day & 20GB extra 4G data, Unlimited Voice for 90 Days. Use Google Pay app & stay connected. T&CA. https://gpay.app.goo.gl/8XWn2u",unknown
2025-07-23 08:11:05,JX-YESBNK-S,debit,10,Other,Other,YES BANK Ac X1481 debited for INR 10.00 on 23JUL25 08:11. UPI:108556353329/To:q377545673@ybl. Bal INR 416.26. Not U? SMS BLKMB <CustID> to 9840909000,unknown
2025-07-20 20:36:34,JM-YESBNK-S,debit,650,Other,Other,YES BANK Ac X1481 debited for INR 650.00 on 20JUL25 20:33. UPI:108438871247/To:q936461213@ybl. Bal INR 496.26. Not U? SMS BLKMB <CustID> to 9840909000,unknown
2025-07-20 19:10:31,JD-YESBNK-S,debit,100,Other,Other,"YES BANK Ac X1481 debited for INR 100.00 on 20JUL25 19:10. UPI:108431911090/To:q259753993@ybl. Bal INR 1,146.26. Not U? SMS BLKMB <CustID> to 9840909000",unknown
2025-07-18 14:08:26,JM-YESBNK-S,credit,55,Other,Other,"INR 55.00 credited to YES BANK Ac X1481 on 18JUL25 14:08. UPI:108303369632/From:sugivaradharajan-1@okhdfcbank. Bal INR 1,496.26.",unknown
2025-07-18 13:06:34,JM-YESBNK-S,debit,110,Paytm,Other,"YES BANK Ac X1481 debited for INR 110.00 on 18JUL25 13:06. UPI:108299957937/To:paytm.s16tgf2@pty. Bal INR 1,441.26. Not U? SMS BLKMB <CustID> to 9840909000",unknown
2025-07-15 08:01:04,JD-JIOCPN-P,credit,11001,Other,Other,"Dear User,

You’ve earned Upto ₹11001* Bonus on 1st RummyCircle deposit (CC:-SHUBHJIO) on Jio Recharge. Claim now: https://t.jio/JIOCPN/A1wisK T&C*

JioCoupons",unknown
2025-07-14 10:07:58,JA-JIOPAY-S,debit,199,Other,Other,"தற்போதைய ரீசார்ஜ் திட்டம் 15-Jul-25 08:09 Hrs அன்று முடிவடைகிறது!
Jio எண் : 9159377012
திட்டத்தின் பெயர்: Rs 199_18D_1.5GB/D
எந்தவித கூடுதல் கட்டணமும் இல்லாமல் MyJio ஐப் பயன்படுத்தி ரீசார்ஜ் செய்யுங்கள்.
ரீசார்ஜ் செய்ய - https://www.jio.com/dl/recharge_web",unknown
2025-07-13 15:00:32,JX-620016-P,debit,899,Google Pay,Entertainment,"Recharge now Jio no. 9159377012 with Rs.899 plan & enjoy Jio Offer- Free JioHotstar Mobile/TV subscription for 90 Days. Plan 899 benefits: Unlimited 5G data + 2GB/day & 20GB extra 4G data, Unlimited Voice for 90 Days. Use Google Pay app & stay connected. T&CA. https://gpay.app.goo.gl/8XWn2u",unknown
2025-07-12 14:42:32,JD-YESBNK-S,debit,10,Other,Other,"YES BANK Ac X1481 debited for INR 10.00 on 12JUL25 14:42. UPI:107973437181/To:joyesther001-1@okhdfcbank. Bal INR 1,752.16. Not U? SMS BLKMB <CustID> to 9840909000",unknown
2025-07-12 14:34:28,JM-620016-P,debit,899,Google Pay,Entertainment,"Recharge now Jio no. 9159377012 with Rs.899 plan & enjoy Jio Offer- Free JioHotstar Mobile/TV subscription for 90 Days. Plan 899 benefits: Unlimited 5G data + 2GB/day & 20GB extra 4G data, Unlimited Voice for 90 Days. Use Google Pay app & stay connected. T&CA. https://gpay.app.goo.gl/8XWn2u",unknown
2025-07-11 16:39:51,JK-620016-P,debit,349,Other,Entertainment,"Ab ho jaao UNLIMITED with Truly Unlimited 5G. Enjoy NO speed limits, NO 5G data cap, and FREE 90-days Jio Hotstar. Recharge with Rs.349 today. www.jio.com/r/Bp54jIHZt",unknown
2025-07-06 15:48:12,JX-YESBNK-S,debit,75,Other,Other,"YES BANK Ac X1481 debited for INR 75.00 on 06JUL25 15:48. UPI:107636247997/To:q377545673@ybl. Bal INR 10,012.83. Not U? SMS BLKMB <CustID> to 9840909000",unknown
2025-07-06 15:16:26,JX-YESBNK-S,debit,158,Other,Other,"YES BANK Ac X1481 debited for INR 158.00 on 06JUL25 15:16. UPI:107634800641/To:meesho1online.gpay@okpayaxis. Bal INR 10,087.83. Not U? SMS BLKMB <CustID> to 9840909000",unknown
2025-07-06 14:50:29,JX-YESBNK-S,debit,331,Other,Other,"YES BANK Ac X1481 debited for INR 331.00 on 06JUL25 14:50. UPI:107633597151/To:meesho1online.gpay@okpayaxis. Bal INR 10,245.83. Not U? SMS BLKMB <CustID> to 9840909000",unknown
2025-07-06 14:47:12,JK-620016-P,debit,899,Google Pay,Entertainment,"Recharge now Jio no. 9159377012 with Rs.899 plan & enjoy Jio Offer- Free JioHotstar Mobile/TV subscription for 90 Days. Plan 899 benefits: Unlimited 5G data + 2GB/day & 20GB extra 4G data, Unlimited Voice for 90 Days. Use Google Pay app & stay connected. T&CA. https://gpay.app.goo.gl/8XWn2u",unknown
2025-07-06 14:21:19,JD-YESBNK-S,debit,252,Other,Other,"YES BANK Ac X1481 debited for INR 252.00 on 06JUL25 14:21. UPI:107632165133/To:meesho1online.gpay@okpayaxis. Bal INR 10,576.83. Not U? SMS BLKMB <CustID> to 9840909000",unknown
2025-07-06 14:16:01,JX-YESBNK-S,debit,185,Other,Other,"YES BANK Ac X1481 debited for INR 185.00 on 06JUL25 14:15. UPI:107631908269/To:meesho1online.gpay@okpayaxis. Bal INR 10,828.83. Not U? SMS BLKMB <CustID> to 9840909000",unknown
2025-07-06 12:21:47,JM-YESBNK-S,debit,4000,Other,Other,"YES BANK Ac X1481 debited for INR 4,000.00 on 06JUL25 12:21. UPI:107625479675/To:barani.jayamurugesan@oksbi. Bal INR 10,885.83. Not U? SMS BLKMB <CustID> to 9840909000",unknown
2025-07-06 00:26:29,JD-YESBNK-S,credit,15000,Other,Other,"INR 15,000.00 is credited to YES BANK Acc XX1481 on 06-JUL-2025 00:25:36 - NET-TPT-SIDEKICK DIGITAL SOLUTION LLP-XX1937 Avl bal-INR 15,063.83.",unknown
2025-07-04 20:23:41,JX-YESBNK-S,debit,10,Other,Other,YES BANK Ac X1481 debited for INR 10.00 on 04JUL25 20:23. UPI:107540473323/To:sureshrp006-1@okhdfcbank. Bal INR 63.83. Not U? SMS BLKMB <CustID> to 9840909000,unknown
2025-07-04 12:30:20,JD-AXISBK-S,debit,120,Other,Other,"INR 120.00 debited
A/c no. XX5408
04-07-25, 12:30:19
UPI/P2M/555123456996/Trupthi Wellness Pr
Not you? SMS BLOCKUPI Cust ID to 919951860002
Axis Bank ",unknown
2025-07-02 16:39:14,JX-YESBNK-S,debit,250.9,Other,Other,YES BANK Ac X1481 debited for INR 250.90 on 02JUL25 16:39. UPI:107410429489/To:gpayrecharge@icici. Bal INR 13.83. Not U? SMS BLKMB <CustID> to 9840909000,unknown
2025-07-02 16:38:24,JD-YESBNK-S,credit,50,Other,Other,INR 50.00 credited to YES BANK Ac X1481 on 02JUL25 16:38. UPI:107410369181/From:sugivaradharajan-1@okhdfcbank. Bal INR 264.73.,unknown
2025-06-30 20:53:56,JD-YESBNK-S,debit,100,Other,Other,YES BANK Ac X1481 debited for INR 100.00 on 30JUN25 20:53. UPI:107312856656/To:bajajpay.6879729.wys7097374@indus. Bal INR 456.63. Not U? SMS BLKMB <CustID> to 9840909000,unknown
2025-06-30 20:50:53,JD-YESBNK-S,debit,50,Paytm,Other,YES BANK Ac X1481 debited for INR 50.00 on 30JUN25 20:50. UPI:107312624564/To:paytmqr6emynl@ptys. Bal INR 556.63. Not U? SMS BLKMB <CustID> to 9840909000,unknown
2025-06-29 22:50:10,JM-YESBNK-S,debit,82,Other,Other,YES BANK Ac X1481 debited for INR 82.00 on 29JUN25 22:50. UPI:107263568991/To:meesho1online.gpay@okpayaxis. Bal INR 636.63. Not U? SMS BLKMB <CustID> to 9840909000,unknown
2025-06-28 18:00:30,JM-620040-P,debit,349,Other,Other,Thank you for staying with Jio! Your 5G phone is ready for ultra-fast speeds. Upgrade to our Rs. 349 plan and unlock Unlimited 5G Data. Recharge now and queue it for a seamless transition to Jio True5G. Click www.jio.com/r/RYzgcDRif,unknown
2025-06-27 08:08:30,JX-YESBNK-S,debit,200.9,Other,Other,"YES BANK Ac X1481 debited for INR 200.90 on 27JUN25 08:08. UPI:107111785995/To:gpayrecharge@okpayaxis. Bal INR 1,138.63. Not U? SMS BLKMB <CustID> to 9840909000",unknown
2025-06-26 15:24:11,JK-620016-P,debit,899,Google Pay,Entertainment,"Recharge now Jio no 9159377012 with Rs.899 plan with Jio Unlimited Offer of Free JioHotstar Mobile/TV subscription for 90 Days to enjoy Live Cricket. Plan 899 benefits: Unlimited 5G data + 2 GB/day & 20 GB extra 4G data, Unlimited Voice for 90 Days. Use Google Pay app & stay connected. T&CA. https://gpay.app.goo.gl/8XWn2u",unknown
2025-06-26 13:16:29,JZ-JIOPAY-S,debit,899,Other,Other,"ரீசார்ஜ் திட்டம் 26-Jun-25 13:16 Hrs அன்று முடிவடைந்துவிட்டது !
Jio எண் : 9159377012
திட்டத்தின் பெயர்: Rs899_90D_2GB/D_20GB
எந்தவித கூடுதல் கட்டணமும் இல்லாமல் MyJio ஐப் பயன்படுத்தி ரீசார்ஜ் செய்யுங்கள். 
ரீசார்ஜ் செய்ய - https://www.jio.com/dl/recharge_web",unknown
2025-06-25 19:58:21,JD-YESBNK-S,debit,290,Paytm,Other,"YES BANK Ac X1481 debited for INR 290.00 on 25JUN25 19:58. UPI:107046732338/To:paytmqr675ut3@ptys. Bal INR 1,339.53. Not U? SMS BLKMB <CustID> to 9840909000",unknown
2025-06-25 15:35:37,JM-620016-P,debit,899,Google Pay,Entertainment,"Recharge now Jio no 9159377012 with Rs.899 plan with Jio Unlimited Offer of Free JioHotstar Mobile/TV subscription for 90 Days to enjoy Live Cricket. Plan 899 benefits: Unlimited 5G data + 2 GB/day & 20 GB extra 4G data, Unlimited Voice for 90 Days. Use Google Pay app & stay connected. T&CA. https://gpay.app.goo.gl/8XWn2u",unknown
2025-06-25 13:25:54,JA-JIOPAY-S,debit,899,Other,Other,"தற்போதைய ரீசார்ஜ் திட்டம் 26-Jun-25 13:16 Hrs அன்று முடிவடைகிறது!
Jio எண் : 9159377012
திட்டத்தின் பெயர்: Rs899_90D_2GB/D_20GB
எந்தவித கூடுதல் கட்டணமும் இல்லாமல் MyJio ஐப் பயன்படுத்தி ரீசார்ஜ் செய்யுங்கள்.
ரீசார்ஜ் செய்ய - https://www.jio.com/dl/recharge_web",unknown
2025-06-24 16:46:06,JX-620016-P,debit,899,Google Pay,Entertainment,"Recharge now Jio no 9159377012 with Rs.899 plan with Jio Unlimited Offer of Free JioHotstar Mobile/TV subscription for 90 Days to enjoy Live Cricket. Plan 899 benefits: Unlimited 5G data + 2 GB/day & 20 GB extra 4G data, Unlimited Voice for 90 Days. Use Google Pay app & stay connected. T&CA. https://gpay.app.goo.gl/8XWn2u",unknown
2025-06-23 16:13:29,JD-620016-P,debit,899,Google Pay,Entertainment,"Recharge now Jio no 9159377012 with Rs.899 plan with Jio Unlimited Offer of Free JioHotstar Mobile/TV subscription for 90 Days to enjoy Live Cricket. Plan 899 benefits: Unlimited 5G data + 2 GB/day & 20 GB extra 4G data, Unlimited Voice for 90 Days. Use Google Pay app & stay connected. T&CA. https://gpay.app.goo.gl/8XWn2u",unknown
2025-06-22 19:14:28,JD-YESBNK-S,debit,380.02,Paytm,Other,"YES BANK Ac X1481 debited for INR 380.02 on 22JUN25 19:14. UPI:106890032931/To:paytm-83567395@ptys. Bal INR 1,629.53. Not U? SMS BLKMB <CustID> to 9840909000",unknown
2025-06-22 14:20:32,JM-YESBNK-S,debit,167,Other,Other,"YES BANK Ac X1481 debited for INR 167.00 on 22JUN25 14:20. UPI:106873483667/To:meesho1online.gpay@okpayaxis. Bal INR 2,059.55. Not U? SMS BLKMB <CustID> to 9840909000",unknown
2025-06-19 16:34:58,JX-YESBNK-S,debit,20,Other,Other,"YES BANK Ac X1481 debited for INR 20.00 on 19JUN25 16:34. UPI:106722018288/To:vendoliteindia04@ybl. Bal INR 2,306.55. Not U? SMS BLKMB <CustID> to 9840909000",unknown
2025-06-18 20:37:24,JD-YESBNK-S,debit,40,Other,Other,"YES BANK Ac X1481 debited for INR 40.00 on 18JUN25 20:37. UPI:106689522074/To:gpay-11231916085@okbizaxis. Bal INR 2,286.55. Not U? SMS BLKMB <CustID> to 9840909000",unknown
2025-06-18 20:35:21,JX-YESBNK-S,debit,90,Other,Other,"YES BANK Ac X1481 debited for INR 90.00 on 18JUN25 20:35. UPI:106689362883/To:jagmalsin16-1@okicici. Bal INR 2,326.55. Not U? SMS BLKMB <CustID> to 9840909000",unknown
2025-06-17 13:37:05,JD-YESBNK-S,credit,20,Other,Other,"INR 20.00 credited to YES BANK Ac X1481 on 17JUN25 13:36. UPI:516845759522/From:sugivaradharajan@okaxis. Bal INR 2,479.55.",unknown
2025-06-16 16:01:34,JK-620016-P,debit,899,Google Pay,Entertainment,"Recharge now Jio no 9159377012 with Rs.899 plan with Jio Unlimited Offer of Free JioHotstar Mobile/TV subscription for 90 Days to enjoy Live Cricket. Plan 899 benefits: Unlimited 5G data + 2 GB/day & 20 GB extra 4G data, Unlimited Voice for 90 Days. Use Google Pay app & stay connected. T&CA. https://gpay.app.goo.gl/8XWn2u",unknown
2025-06-14 16:24:51,JX-620016-P,debit,899,Google Pay,Entertainment,"Recharge now Jio no 9159377012 with Rs.899 plan with Jio Unlimited Offer of Free JioHotstar Mobile/TV subscription for 90 Days to enjoy Live Cricket. Plan 899 benefits: Unlimited 5G data + 2 GB/day & 20 GB extra 4G data, Unlimited Voice for 90 Days. Use Google Pay app & stay connected. T&CA. https://gpay.app.goo.gl/8XWn2u",unknown
2025-06-14 08:28:45,JD-YESBNK-S,debit,300,Other,Other,"YES BANK Ac X1481 debited for INR 300.00 on 14JUN25 08:28. UPI:106435393765/To:nathiyam459@okaxis. Bal INR 2,459.55. Not U? SMS BLKMB <CustID> to 9840909000",unknown
2025-06-13 09:11:49,JX-YESBNK-S,debit,500,Other,Other,"YES BANK Ac X1481 debited for INR 500.00 on 13JUN25 09:11. UPI:106383325727/To:barani.jayamurugesan@oksbi. Bal INR 2,759.55. Not U? SMS BLKMB <CustID> to 9840909000",unknown
2025-06-12 15:17:22,JM-620016-P,debit,899,Google Pay,Entertainment,"Recharge now Jio no 9159377012 with Rs.899 plan with Jio Unlimited Offer of Free JioHotstar Mobile/TV subscription for 90 Days to enjoy Live Cricket. Plan 899 benefits: Unlimited 5G data + 2 GB/day & 20 GB extra 4G data, Unlimited Voice for 90 Days. Use Google Pay app & stay connected. T&CA. https://gpay.app.goo.gl/8XWn2u",unknown
2025-06-12 14:31:16,JD-YESBNK-S,debit,1000,Other,Other,"YES BANK Ac X1481 debited for INR 1,000.00 on 12JUN25 14:31. UPI:106346414602/To:rownumdrag@okicici. Bal INR 3,259.55. Not U? SMS BLKMB <CustID> to 9840909000",unknown
2025-06-12 14:10:33,JX-YESBNK-S,debit,472.5,Other,Other,"YES BANK Ac X1481 debited for INR 472.50 on 12JUN25 14:10. UPI:106345401935/To:redbus1online.gpay@okpayaxis. Bal INR 4,259.55. Not U? SMS BLKMB <CustID> to 9840909000",unknown
2025-06-10 21:47:48,JX-YESBNK-S,debit,200,Other,Other,"YES BANK Ac X1481 debited for INR 200.00 on 10JUN25 21:47. UPI:106268581761/To:miruthula.vnb@okhdfcbank. Bal INR 3,732.05. Not U? SMS BLKMB <CustID> to 9840909000",unknown
2025-06-10 16:09:15,JK-620016-P,debit,899,Google Pay,Entertainment,"Recharge now Jio no 9159377012 with Rs.899 plan with Jio Unlimited Offer of Free JioHotstar Mobile/TV subscription for 90 Days to enjoy Live Cricket. Plan 899 benefits: Unlimited 5G data + 2 GB/day & 20 GB extra 4G data, Unlimited Voice for 90 Days. Use Google Pay app & stay connected. T&CA. https://gpay.app.goo.gl/8XWn2u",unknown
2025-06-09 21:32:05,JM-YESBNK-S,debit,38,Other,Other,"YES BANK Ac X1481 debited for INR 38.00 on 09JUN25 21:32. UPI:106212274036/To:kvdurai22-2@okicici. Bal INR 4,089.05. Not U? SMS BLKMB <CustID> to 9840909000",unknown
2025-06-09 21:30:50,JD-YESBNK-S,debit,8500,Other,Other,"YES BANK Ac X1481 debited for INR 8,500.00 on 09JUN25 21:30. UPI:106212176897/To:kvdurai22-2@okicici. Bal INR 4,127.05. Not U? SMS BLKMB <CustID> to 9840909000",unknown
2025-06-08 21:50:51,AX-AXISBK-S,debit,286,Other,Other,"INR 286.00 debited
A/c no. XX5408
08-06-25, 21:50:49
UPI/P2M/552574833268/Meesho
Not you? SMS BLOCKUPI Cust ID to 919951860002
Axis Bank ",unknown
2025-06-08 18:54:38,JD-620016-P,debit,899,Google Pay,Entertainment,"Recharge now Jio no 9159377012 with Rs.899 plan with Jio Unlimited Offer of Free JioHotstar Mobile/TV subscription for 90 Days to enjoy Live Cricket. Plan 899 benefits: Unlimited 5G data + 2 GB/day & 20 GB extra 4G data, Unlimited Voice for 90 Days. Use Google Pay app & stay connected. T&CA. https://gpay.app.goo.gl/8XWn2u",unknown
2025-06-07 23:17:23,VM-MESHO-S,credit,244,Other,Refund,"Refund for Trendy Printed of Rs.244 is successfully processed to your Original Payment Source.
Meesho",unknown
2025-06-07 23:16:46,JX-YESBNK-S,credit,244,Other,Refund,"INR 244.00 credited to YES BANK Ac X1481 on 07JUN25 23:16. UPI:570192411585/From:gpayonlineparefunds@axisbank. Bal INR 15,129.00.",unknown
2025-06-07 16:42:33,JX-YESBNK-S,credit,4700,Other,Other,"INR 4,700.00 credited to YES BANK Ac X1481 on 07JUN25 16:42. UPI:515872021853/From:rownumdrag-1@okaxis. Bal INR 21,829.00.",unknown
2025-06-06 16:40:30,JD-620016-P,debit,899,Google Pay,Entertainment,"Recharge now Jio no 9159377012 with Rs.899 plan with Jio Unlimited Offer of Free JioHotstar Mobile/TV subscription for 90 Days to enjoy Live Cricket. Plan 899 benefits: Unlimited 5G data + 2 GB/day & 20 GB extra 4G data, Unlimited Voice for 90 Days. Use Google Pay app & stay connected. T&CA. https://gpay.app.goo.gl/8XWn2u",unknown
2025-06-06 10:30:23,JD-YESBNK-S,credit,40,Other,Other,"INR 40.00 credited to YES BANK Ac X1481 on 06JUN25 10:30. UPI:552312625973/From:sugivaradharajan@okaxis. Bal INR 17,149.00.",unknown
2025-06-05 21:58:00,JD-YESBNK-S,credit,16500,Other,Other,"INR 16,500.00 is credited to YES BANK Acc XX1481 on 05-JUN-2025 21:57:54 - NET-TPT-SIDEKICK DIGITAL SOLUTION LLP-XX1937 Avl bal-INR 17,149.00.",unknown
2025-06-04 18:38:15,JK-620016-P,debit,899,Google Pay,Entertainment,"Recharge now Jio no 9159377012 with Rs.899 plan with Jio Unlimited Offer of Free JioHotstar Mobile/TV subscription for 90 Days to enjoy Live Cricket. Plan 899 benefits: Unlimited 5G data + 2 GB/day & 20 GB extra 4G data, Unlimited Voice for 90 Days. Use Google Pay app & stay connected. T&CA. https://gpay.app.goo.gl/8XWn2u",unknown
2025-06-02 20:38:31,JD-YESBNK-S,debit,12,Other,Other,YES BANK Ac X1481 debited for INR 12.00 on 02JUN25 20:38. UPI:105820768670/To:q377545673@ybl. Bal INR 437.00. Not U? SMS BLKMB <CustID> to 9840909000,unknown
2025-06-02 06:55:34,JD-YESBNK-S,debit,212,Other,Other,YES BANK Ac X1481 debited for INR 212.00 on 02JUN25 06:55. UPI:105776676164/To:meesho1online.gpay@okpayaxis. Bal INR 449.00. Not U? SMS BLKMB <CustID> to 9840909000,unknown
2025-06-01 20:23:32,JX-YESBNK-S,debit,98,Other,Other,YES BANK Ac X1481 debited for INR 98.00 on 01JUN25 20:20. UPI:105763946200/To:meesho1online.gpay@okpayaxis. Bal INR 563.00. Not U? SMS BLKMB <CustID> to 9840909000,unknown
2025-06-01 20:23:14,JD-YESBNK-S,credit,98,Other,Other,INR 98.00 credited to YES BANK Ac X1481 on 01JUN25 20:20. UPI:105763949063/From:miruthula.vnb@okhdfcbank. Bal INR 661.00.,unknown
2025-06-01 19:54:06,JM-YESBNK-S,debit,104,Other,Other,YES BANK Ac X1481 debited for INR 104.00 on 01JUN25 19:54. UPI:105761494105/To:meesho1online.gpay@okpayaxis. Bal INR 661.00. Not U? SMS BLKMB <CustID> to 9840909000,unknown
2025-06-01 19:51:08,JD-YESBNK-S,credit,104,Other,Other,"INR 104.00 credited to YES BANK Ac X1481 on 01JUN25 19:50. UPI:105761195886/From:miruthula.vnb@okhdfcbank. Bal INR 1,765.00.",unknown
2025-05-31 09:18:48,JX-YESBNK-S,credit,64,Other,Other,INR 64.00 credited to YES BANK Ac X1481 on 31MAY25 09:18. UPI:515160370811/From:sugivaradharajan@okaxis. Bal INR 549.00.,unknown
2025-05-26 20:41:31,JM-YESBNK-S,credit,100,Other,Other,INR 100.00 credited to YES BANK Ac X1481 on 26MAY25 20:41. UPI:105447609447/From:miruthula.vnb@okhdfcbank. Bal INR 485.00.,unknown
2025-05-26 20:34:47,JM-YESBNK-S,credit,350,Other,Other,INR 350.00 credited to YES BANK Ac X1481 on 26MAY25 20:34. UPI:105447106822/From:rownumdrag@okhdfcbank. Bal INR 385.00.,unknown
2025-05-26 18:28:55,JX-YESBNK-S,credit,35,Other,Other,INR 35.00 credited to YES BANK Ac X1481 on 26MAY25 18:08. UPI:551212836961/From:sugivaradharajan@okaxis. Bal INR 35.00.,unknown
2025-05-24 13:07:05,+919328393092,credit,15000,Other,Other,"Credit Received: Rs 15,000 added to wallet no 9159XXXX12 at 24-May 12:22. Claim - UPI Through Instant Transfer bank A/c - SR3.in/P2A9F-221F10074",unknown
2025-04-26 16:45:43,JD-JIOCPN,debit,400,Other,Other,"Dear User,

You’ve earned Fastrack Sunglasses starting at just ₹400(Code:JIO60) on Jio Recharge. Claim now: https://t.jio/JIOCPN/0rVjo3 T&C*

JioCoupons",unknown
2025-04-26 16:43:53,JD-JIOCPN,debit,525,Other,Other,"Dear User,

You’ve earned Flat ₹525 off on boAt Top-Sellers (Code-JIOXBOAT525) on Jio Recharge. Claim now: https://t.jio/JIOCPN/XLGjo3 T&C*

JioCoupons",unknown
2025-04-18 21:31:59,CP-AXISBK,debit,22,Other,Other,"INR 22.00 debited
A/c no. XX5408
18-04-25, 21:31:57
UPI/P2M/510875836703/Google India Servic
Not you? SMS BLOCKUPI Cust ID to 919951860002
Axis Bank ",unknown
2025-04-02 20:05:15,JK-JIOCPN,debit,6666,Other,Other,"Dear User,

You’ve earned Free ₹6666 Bonus + ₹50 Cash on My11Circle! (CC: HTSTR50) on Jio Recharge. Claim now: https://t.jio/JIOCPN/o37ts3 T&C*

JioCoupons",unknown
2025-03-25 16:37:16,JD-JIOCPN,debit,1500,Other,Other,"Dear User,

You’ve earned Flat ₹1500 Bonus on MyTeam11 + ₹125 for New Users! on Jio Recharge. Claim now: https://t.jio/JIOCPN/LwcFSs T&C*

JioCoupons",unknown
2025-03-25 10:51:08,JM-JIOCPN,debit,6666,Other,Other,"Dear User,

You’ve earned Free ₹6666 Bonus + ₹50 Cash on My11Circle! (CC: HTSTR66) on Jio Recharge. Claim now: https://t.jio/JIOCPN/UBsISs T&C*

JioCoupons",unknown
2025-03-24 17:58:09,JK-UNIONB,credit,300,Other,Other,Your SB A/c *4111 Credited for Rs.300.00 on 24-03-2025 17:57:55 by NEFT/ VIV   COLLEGE OF TEC UTR: IOBAN25083419041 Avl Bal Rs.92303.46 -Union Bank of India,unknown
2025-03-23 14:03:14,JM-JIOCPN,debit,5000,Other,Other,"Dear User,

You’ve earned Free ₹5000 Bonus Cash on My11Circle! (CC: MYJIO5k) on Jio Recharge. Claim now: https://t.jio/JIOCPN/TWTVis T&C*

JioCoupons",unknown
2025-03-18 13:33:27,JD-620016,debit,899,Google Pay,Other,"Recharge today your Jio 9159377012 with Rs.899 on your favorite Google Pay app. Enjoy Unlimited 5G data + 2 GB/day & 20 GB extra high speed 4G data, Unlimited Voice for 90 Days. T&CA. https://gpay.app.goo.gl/8XWn2u",unknown
2025-03-16 14:37:42,JK-620016,debit,899,Google Pay,Other,"Recharge today your Jio 9159377012 with Rs.899 on your favorite Google Pay app. Enjoy Unlimited 5G data + 2 GB/day & 20 GB extra high speed 4G data, Unlimited Voice for 90 Days. T&CA. https://gpay.app.goo.gl/8XWn2u",unknown
2025-03-13 16:10:13,VM-AXISMR,credit,250,Amazon,Shopping,"Dear Customer,get an Amazon e-voucher worth INR 250*.Deposit additional INR 25,000 or more in your Axis Bank Liberty Savings A/c XX5408 between 27/02/2025 to 15/03/2025 & maintain total balance till 31/03/2025.Send SMS TRUE to 56161600 to register for this offer.*T&C https://axbk.io/AXISMR/8EDKVa",unknown
2025-03-13 12:04:47,AX-AXISBK,debit,19,Other,Other,"INR 19.00 debited
A/c no. XX5408
13-03-25, 12:04:43
UPI/P2M/507207983392/Google India Servic
Not you? SMS BLOCKUPI Cust ID to 919951860002
Axis Bank",unknown
2025-03-12 17:54:18,AD-AXISBK,debit,19,Other,Other,"INR 19.00 debited
A/c no. XX5408
12-03-25, 17:54:14
UPI/P2M/507161219413/Google India Digita
Not you? SMS BLOCKUPI Cust ID to 919951860002
Axis Bank",unknown
2025-03-12 16:26:46,JX-AXISMR,credit,250,Amazon,Shopping,"Dear Customer,get an Amazon e-voucher worth INR 250*.Deposit additional INR 25,000 or more in your Axis Bank Liberty Savings A/c XX5408 between 27/02/2025 to 15/03/2025 & maintain total balance till 31/03/2025.Send SMS TRUE to 56161600 to register for this offer.*T&C https://axbk.io/AXISMR/tnvUVa",unknown
2025-03-06 19:05:47,AX-AXISBK,debit,19,Other,Other,"INR 19.00 debited
A/c no. XX5408
06-03-25, 19:05:44
UPI/P2M/506552980423/Google India Digita
Not you? SMS BLOCKUPI Cust ID to 919951860002
Axis Bank",unknown
2025-03-04 21:13:13,JM-AXISMR,credit,250,Amazon,Shopping,"Dear Customer,get an Amazon e-voucher worth INR 250*.Deposit additional INR 25,000 or more in your Axis Bank Liberty Savings A/c XX5408 between 27/02/2025 to 15/03/2025 & maintain total balance till 31/03/2025.Send SMS TRUE to 56161600 to register for this offer.*T&C https://axbk.io/AXISMR/4dk3pa",unknown
2025-02-27 19:37:53,CP-AXISBK,debit,19,Other,Other,"INR 19.00 debited
A/c no. XX5408
27-02-25, 19:37:51
UPI/P2M/542469223057/Google India Servic
Not you? SMS BLOCKUPI Cust ID to 919951860002
Axis Bank ",unknown
2025-02-27 17:10:48,JD-JIOCPN,debit,30000,Other,Other,"Dear User,

You’ve earned ₹30,000 MPL Welcome Bonus (Code: MPLJIO30) on Jio Recharge. Claim now: https://t.jio/JIOCPN/qGsSCs T&C*

JioCoupons",unknown
2025-02-27 14:58:30,JD-620016,debit,349,Google Pay,Other,"Recharge today your Jio 9159377012 with Rs.349 on your favorite Google Pay app. Enjoy Unlimited 5G data + 2 GB/day high speed 4G data, Unlimited Voice for 28 Days. T&CA. https://gpay.app.goo.gl/8XWn2u",unknown
2025-02-27 13:59:46,JZ-JIOPAY,debit,199,Other,Other,"தற்போதைய ரீசார்ஜ் திட்டம் 28-Feb-25 13:16 Hrs அன்று முடிவடைகிறது!
Jio எண் : 9159377012
திட்டத்தின் பெயர்: Rs 199_18D_1.5GB/D
எந்தவித கூடுதல் கட்டணமும் இல்லாமல் MyJio ஐப் பயன்படுத்தி ரீசார்ஜ் செய்யுங்கள். ரீசார்ஜ் செய்ய - http://tiny.jio.com/rechargeSMS",unknown
2025-02-26 16:58:49,VM-AXISBK,debit,19,Other,Other,"INR 19.00 debited
A/c no. XX5408
26-02-25, 16:58:48
UPI/P2M/505740458170/Google India Digita
Not you? SMS BLOCKUPI Cust ID to 919951860002
Axis Bank ",unknown
2025-02-25 16:17:40,JK-JIOCPN,credit,11001,Other,Other,"Dear User,

You’ve earned Upto ₹11001* Bonus on 1st RummyCircle deposit (CC:-SHUBHJIO) on Jio Recharge. Claim now: https://t.jio/JIOCPN/Do5Bts T&C*

JioCoupons",unknown
2025-02-18 14:27:21,JD-620016,debit,349,Google Pay,Other,"Recharge today your Jio 9159377012 with Rs.349 on your favorite Google Pay app. Enjoy Unlimited 5G data + 2 GB/day high speed 4G data, Unlimited Voice for 28 Days. T&CA. https://gpay.app.goo.gl/8XWn2u",unknown
2025-02-17 11:55:01,JM-AxisBk,debit,705,Other,Other,"INR 705.00 debited
A/c no. XX5408
17-02-25, 11:54:58
UPI/P2A/504827191192/SATHISKANNAN  .
Not you? SMS BLOCKUPI Cust ID to 919951860002
Axis Bank",unknown
2025-02-15 17:34:07,AD-AXISBK,debit,10000,Other,Other,"INR 10000.00 debited
A/c no. XX5408
15-02-25, 17:21:56
UPI/P2A/541266752351/KALAISELVI
Not you? SMS BLOCKUPI Cust ID to 919951860002
Axis Bank",unknown
2025-02-13 19:44:05,VM-AXISBK,credit,11297,Other,Other,INR 11297.00 credited to A/c no. XX5408 on 13-02-25 at 19:30:33 IST. Info - INB-BULK-UPLD/160669633227. Chk Bal https://ccm.axbk.in/AXISBK/ltt3Dvko - Axis Bank,unknown
2025-02-10 13:16:28,JM-JIOCPN,credit,10000,Other,Other,"Dear User,

You’ve earned Upto ₹10000* Bonus on 1st RummyCircle deposit (CC-:RCJIO10K) on Jio Recharge. Claim now: https://t.jio/JIOCPN/CUhr2s T&C*

JioCoupons",unknown
2025-02-10 13:16:26,JD-AXISBK,debit,200.9,Other,Other,"INR 200.90 debited
A/c no. XX5408
10-02-25, 13:16:23
UPI/P2M/540712022297/Google India Digita
Not you? SMS BLOCKUPI Cust ID to 919951860002
Axis Bank ",unknown
2025-02-10 09:58:45,JZ-JIOPAY,debit,199,Other,Other,"ரீசார்ஜ் திட்டம் 10-Feb-25 09:58 Hrs அன்று முடிவடைந்துவிட்டது !
Jio எண் : 9159377012
திட்டத்தின் பெயர்: Rs 199_18D_1.5GB/D
எந்தவித கூடுதல் கட்டணமும் இல்லாமல் MyJio ஐப் பயன்படுத்தி ரீசார்ஜ் செய்யுங்கள். ரீசார்ஜ் செய்ய - http://tiny.jio.com/rechargeSMS",unknown
2025-02-09 14:18:12,JM-620016,debit,349,Google Pay,Other,"Recharge today your Jio 9159377012 with Rs.349 on your favorite Google Pay app. Enjoy Unlimited 5G data + 2 GB/day high speed 4G data, Unlimited Voice for 28 Days. T&CA. https://gpay.app.goo.gl/8XWn2u",unknown
2025-02-09 12:07:53,JZ-JIOPAY,debit,199,Other,Other,"தற்போதைய ரீசார்ஜ் திட்டம் 10-Feb-25 09:58 Hrs அன்று முடிவடைகிறது!
Jio எண் : 9159377012
திட்டத்தின் பெயர்: Rs 199_18D_1.5GB/D
எந்தவித கூடுதல் கட்டணமும் இல்லாமல் MyJio ஐப் பயன்படுத்தி ரீசார்ஜ் செய்யுங்கள். ரீசார்ஜ் செய்ய - http://tiny.jio.com/rechargeSMS",unknown
2025-02-08 14:23:26,JM-AXISBK,debit,600,Other,Other,"INR 600.00 debited
A/c no. XX5408
08-02-25, 14:23:23
UPI/P2A/540538587430/BHARANIDHARAN JAYAM
Not you? SMS BLOCKUPI Cust ID to 919951860002
Axis Bank ",unknown
2025-01-31 15:00:41,JD-620016,debit,349,Google Pay,Other,"Recharge today your Jio 9159377012 with Rs.349 on your favorite Google Pay app. Enjoy Unlimited 5G data + 2 GB/day high speed 4G data, Unlimited Voice for 28 Days. T&CA. https://gpay.app.goo.gl/8XWn2u",unknown
2025-01-30 19:49:02,JD-AXISBK,debit,60,Other,Other,"INR 60.00 debited
A/c no. XX5408
30-01-25, 19:48:59
UPI/P2A/539665608874/KOMATHI  GOVINDHAN
Not you? SMS BLOCKUPI Cust ID to 919951860002
Axis Bank ",unknown
2025-01-29 10:22:47,JD-UNIONB,debit,6000,Other,Other,"Your SB A/c *4111 Debited for Rs.6000.00 on 29-01-2025 10:22:39 by ATM Avl Bal Rs.106049.75, If not you, Call 1800222243 -Union Bank of India",unknown
2025-01-23 09:58:51,JM-JIOCPN,debit,99,Other,Other,"Dear User,

You’ve earned OTT Play 37+ subscriptions at JUST ₹99(CC-JIOOTT99) on Jio Recharge. Claim now: https://t.jio/JIOCPN/1hZWes T&C*

JioCoupons",unknown
2025-01-22 08:52:21,JA-JIOPAY,debit,199,Other,Other,"ரீசார்ஜ் திட்டம் 22-Jan-25 08:52 Hrs அன்று முடிவடைந்துவிட்டது !
Jio எண் : 9159377012
திட்டத்தின் பெயர்: Rs 199_18D_1.5GB/D
எந்தவித கூடுதல் கட்டணமும் இல்லாமல் MyJio ஐப் பயன்படுத்தி ரீசார்ஜ் செய்யுங்கள். ரீசார்ஜ் செய்ய - http://tiny.jio.com/rechargeSMS",unknown
2025-01-21 15:21:32,JM-620016,debit,349,Google Pay,Other,"Recharge today your Jio 9159377012 with Rs.349 on your favorite Google Pay app. Enjoy Unlimited 5G data + 2 GB/day high speed 4G data, Unlimited Voice for 28 Days. T&CA. https://gpay.app.goo.gl/8XWn2u",unknown
2025-01-21 10:22:38,JZ-JIOPAY,debit,199,Other,Other,"தற்போதைய ரீசார்ஜ் திட்டம் 22-Jan-25 08:52 Hrs அன்று முடிவடைகிறது!
Jio எண் : 9159377012
திட்டத்தின் பெயர்: Rs 199_18D_1.5GB/D
எந்தவித கூடுதல் கட்டணமும் இல்லாமல் MyJio ஐப் பயன்படுத்தி ரீசார்ஜ் செய்யுங்கள். ரீசார்ஜ் செய்ய - http://tiny.jio.com/rechargeSMS",unknown
2025-01-20 13:42:51,CP-AXISBK,debit,200.9,Other,Other,"INR 200.90 debited
A/c no. XX5408
20-01-25, 13:42:47
UPI/P2M/538643455882/Google India Digita
Not you? SMS BLOCKUPI Cust ID to 919951860002
Axis Bank ",unknown
2025-01-20 10:45:16,JK-UNIONB,debit,9000,Other,Other,"Your SB A/c *4111 Debited for Rs.9000.00 on 20-01-2025 10:45:08 by ATM Avl Bal Rs.112250.65, If not you, Call 1800222243 -Union Bank of India",unknown
2025-01-14 20:36:38,BA-BSNLSD,credit,707,Other,Other,"Dear Customer, payment of Rs.707.00/- on 14-JAN-25 for your BSNL Landline bill against A/C No.9042219408 against Telephone No. 04282-225251 has been received from FTTHWLT. Thank You.To download the acknowledgement click on https://wsc.cdr.bsnl.co.in/dscm/queryReceipt?YWNjb3VudENvZGU9OTA0MjIxOTQwOCZyZWNlaXB0TnVtPVpTTE1GVFdQWTE0MDEyNTAwNTY4JmN1c3RUeXBlPUluZGl2aWR1YWwgQ3VzdG9tZXI=",unknown
2025-01-13 14:28:13,JM-620016,debit,349,Google Pay,Other,"Recharge today your Jio 9159377012 with Rs.349 on your favorite Google Pay app. Enjoy Unlimited 5G data + 2 GB/day high speed 4G data, Unlimited Voice for 28 Days. T&CA. https://gpay.app.goo.gl/8XWn2u",unknown
2025-01-10 17:19:58,AX-AXISBK,credit,17000,Other,Other,INR 17000.00 credited to A/c no. XX5408 on 10-01-25 at 17:00:57 IST. Info - INB-BULK-UPLD/159386753503. Chk Bal https://ccm.axbk.in/AXISBK/ltt3Dvko - Axis Bank,unknown
2025-01-06 18:44:00,AX-AXISBK,debit,300,Other,Other,"INR 300.00 debited
A/c no. XX5408
06-01-25, 18:43:58
UPI/P2A/537296014086/BHARANIDHARAN JAYAM
Not you? SMS BLOCKUPI Cust ID to 919951860002
Axis Bank ",unknown
2025-01-04 08:47:20,JZ-JIOPAY,debit,199,Other,Other,"ரீசார்ஜ் திட்டம் 04-Jan-25 08:47 Hrs அன்று முடிவடைந்துவிட்டது !
Jio எண் : 9159377012
திட்டத்தின் பெயர்: Rs 199_18D_1.5GB/D
எந்தவித கூடுதல் கட்டணமும் இல்லாமல் MyJio ஐப் பயன்படுத்தி ரீசார்ஜ் செய்யுங்கள். ரீசார்ஜ் செய்ய - http://tiny.jio.com/rechargeSMS",unknown
2025-01-03 14:53:16,JM-620016,debit,349,Google Pay,Other,"Recharge today your Jio 9159377012 with Rs.349 on your favorite Google Pay app. Enjoy Unlimited 5G data + 2 GB/day high speed 4G data, Unlimited Voice for 28 Days. T&CA. https://gpay.app.goo.gl/8XWn2u",unknown
2025-01-03 09:01:50,JZ-JIOPAY,debit,199,Other,Other,"தற்போதைய ரீசார்ஜ் திட்டம் 04-Jan-25 08:47 Hrs அன்று முடிவடைகிறது!
Jio எண் : 9159377012
திட்டத்தின் பெயர்: Rs 199_18D_1.5GB/D
எந்தவித கூடுதல் கட்டணமும் இல்லாமல் MyJio ஐப் பயன்படுத்தி ரீசார்ஜ் செய்யுங்கள். ரீசார்ஜ் செய்ய - http://tiny.jio.com/rechargeSMS",unknown
2024-12-26 14:04:01,JD-620016,debit,349,Google Pay,Other,"Recharge today your Jio 9159377012 with Rs.349 on your favorite Google Pay app. Enjoy Unlimited 5G data + 2 GB/day high speed 4G data, Unlimited Voice for 28 Days. T&CA. https://gpay.app.goo.gl/8XWn2u",unknown
2024-12-21 11:54:09,BA-BSNLSD,credit,721,Other,Other,"Dear Customer, payment of Rs.721.00/- on 21-DEC-24 for your BSNL Landline bill against A/C No.9042219408 against Telephone No. 04282-225251 has been received from FTTHWLT. Thank You.To download the acknowledgement click on https://wsc.cdr.bsnl.co.in/dscm/queryReceipt?YWNjb3VudENvZGU9OTA0MjIxOTQwOCZyZWNlaXB0TnVtPVpTTE1GVFdQWTIxMTIyNDAwMjExJmN1c3RUeXBlPUluZGl2aWR1YWwgQ3VzdG9tZXI=",unknown
2024-12-16 10:55:41,JZ-JIOPAY,debit,199,Other,Other,"ரீசார்ஜ் திட்டம் 16-Dec-24 10:55 Hrs அன்று முடிவடைந்துவிட்டது !
Jio எண் : 9159377012
திட்டத்தின் பெயர்: Rs 199_18D_1.5GB/D
எந்தவித கூடுதல் கட்டணமும் இல்லாமல் MyJio ஐப் பயன்படுத்தி ரீசார்ஜ் செய்யுங்கள். ரீசார்ஜ் செய்ய - http://tiny.jio.com/rechargeSMS",unknown
2024-12-15 12:29:45,JA-JIOPAY,debit,199,Other,Other,"தற்போதைய ரீசார்ஜ் திட்டம் 16-Dec-24 10:55 Hrs அன்று முடிவடைகிறது!
Jio எண் : 9159377012
திட்டத்தின் பெயர்: Rs 199_18D_1.5GB/D
எந்தவித கூடுதல் கட்டணமும் இல்லாமல் MyJio ஐப் பயன்படுத்தி ரீசார்ஜ் செய்யுங்கள். ரீசார்ஜ் செய்ய - http://tiny.jio.com/rechargeSMS",unknown
2024-12-12 11:00:20,VM-AXISBK,debit,721,Other,Other,"INR 721.00 debited
A/c no. XX5408
12-12-24, 11:00:16
UPI/P2A/471348485145/SATHISKANNAN  .
Not you? SMS BLOCKUPI Cust ID to 919951860002
Axis Bank ",unknown
2024-12-10 10:01:02,CP-AXISMR,debit,1499,Other,Other,"Dear Customer, Binge your favourite series with a FREE SonyLiv Premium subscription worth INR 1499 on Axis Bank MYZONE Credit Card. Apply now! https://Axbk.in/AXISMR/vdSaCDHkC2r",unknown
2024-12-09 12:19:08,JD-AXISBK,credit,25000,Other,Other,INR 25000.00 credited to A/c no. XX5408 on 09-12-24 at 12:00:38 IST. Info - INB-BULK-UPLD/158113784310. Chk Bal https://ccm.axbk.in/AXISBK/ltt3Dvko - Axis Bank,unknown
2024-12-02 12:32:07,JD-SBIUPI,credit,1,Other,Other,"Dear SBI User, your A/c X4111-credited by Rs.1 on 02Dec24 transfer from DEIVAKANNU JAYAMURUGESAN Ref No 433724204274 -SBI",unknown
2024-11-28 16:24:31,VM-AXISBK,debit,200,Other,Other,"INR 200.00 debited
A/c no. XX5408
28-11-24, 16:24:28
UPI/P2A/433387414664/ABINAYA L
Not you? SMS BLOCKUPI Cust ID to 919951860002
Axis Bank",unknown
2024-11-27 15:04:59,JD-JIOCPN,credit,11001,Other,Other,"Dear User,

You’ve earned Upto ₹11001* Bonus on 1st RummyCircle deposit (CC:-SHUBHJIO) on Jio Recharge. Click on https://t.jio/JIOCPN/1LlYS to claim your coupon! T&C

Team JioCoupon",unknown